#,,,,,,,"generated_by='OpenQuake engine 3.11.3-git0cccb86798', start_date='2021-06-03T22:52:18', checksum=3195892295, risk_investigation_time=1.0, kind='agg_curves-quantile-0.5'"
return_period,loss_value,loss_type,fsauid,GenOcc,GenType,loss_ratio,annual_frequency_of_exceedence
25,9.57278E+02,contents,V6B,Residential-HD,URMasonry,1.65368E-03,4.00000E-02
50,5.38274E+03,contents,V6B,Residential-HD,URMasonry,9.29860E-03,2.00000E-02
100,1.14875E+04,contents,V6B,Residential-HD,URMasonry,1.98444E-02,1.00000E-02
250,2.43768E+04,contents,V6B,Residential-HD,URMasonry,4.21106E-02,4.00000E-03
500,3.75075E+04,contents,V6B,Residential-HD,URMasonry,6.47937E-02,2.00000E-03
1000,5.32525E+04,contents,V6B,Residential-HD,URMasonry,9.19928E-02,1.00000E-03
2500,7.58688E+04,contents,V6B,Residential-HD,URMasonry,1.31062E-01,4.00000E-04
25,4.37460E+03,nonstructural,V6B,Residential-HD,URMasonry,6.63546E-04,4.00000E-02
50,3.26149E+04,nonstructural,V6B,Residential-HD,URMasonry,4.94708E-03,2.00000E-02
100,9.97217E+04,nonstructural,V6B,Residential-HD,URMasonry,1.51259E-02,1.00000E-02
250,3.25561E+05,nonstructural,V6B,Residential-HD,URMasonry,4.93817E-02,4.00000E-03
500,6.61629E+05,nonstructural,V6B,Residential-HD,URMasonry,1.00357E-01,2.00000E-03
1000,1.18918E+06,nonstructural,V6B,Residential-HD,URMasonry,1.80376E-01,1.00000E-03
2500,2.10215E+06,nonstructural,V6B,Residential-HD,URMasonry,3.18858E-01,4.00000E-04
250,9.52000E-06,occupants,V6B,Residential-HD,URMasonry,1.00000E-06,4.00000E-03
500,1.72535E-04,occupants,V6B,Residential-HD,URMasonry,1.81235E-05,2.00000E-03
1000,1.41096E-03,occupants,V6B,Residential-HD,URMasonry,1.48210E-04,1.00000E-03
2500,8.82857E-03,occupants,V6B,Residential-HD,URMasonry,9.27371E-04,4.00000E-04
25,4.58612E+00,structural,V6B,Residential-HD,URMasonry,3.16898E-06,4.00000E-02
50,1.00185E+03,structural,V6B,Residential-HD,URMasonry,6.92273E-04,2.00000E-02
100,7.83837E+03,structural,V6B,Residential-HD,URMasonry,5.41627E-03,1.00000E-02
250,4.74916E+04,structural,V6B,Residential-HD,URMasonry,3.28164E-02,4.00000E-03
500,1.21986E+05,structural,V6B,Residential-HD,URMasonry,8.42916E-02,2.00000E-03
1000,2.49385E+05,structural,V6B,Residential-HD,URMasonry,1.72324E-01,1.00000E-03
2500,4.78732E+05,structural,V6B,Residential-HD,URMasonry,3.30801E-01,4.00000E-04
25,2.00127E+00,contents,V6B,Residential-HD,Concrete,2.40077E-06,4.00000E-02
50,3.91739E+01,contents,V6B,Residential-HD,Concrete,4.69938E-05,2.00000E-02
100,4.31894E+02,contents,V6B,Residential-HD,Concrete,5.18109E-04,1.00000E-02
250,4.13482E+03,contents,V6B,Residential-HD,Concrete,4.96021E-03,4.00000E-03
500,1.30281E+04,contents,V6B,Residential-HD,Concrete,1.56288E-02,2.00000E-03
1000,3.04186E+04,contents,V6B,Residential-HD,Concrete,3.64907E-02,1.00000E-03
2500,6.54677E+04,contents,V6B,Residential-HD,Concrete,7.85363E-02,4.00000E-04
25,1.87821E+02,nonstructural,V6B,Residential-HD,Concrete,1.97837E-05,4.00000E-02
50,4.34961E+03,nonstructural,V6B,Residential-HD,Concrete,4.58155E-04,2.00000E-02
100,1.90780E+04,nonstructural,V6B,Residential-HD,Concrete,2.00953E-03,1.00000E-02
250,8.13070E+04,nonstructural,V6B,Residential-HD,Concrete,8.56426E-03,4.00000E-03
500,1.88728E+05,nonstructural,V6B,Residential-HD,Concrete,1.98791E-02,2.00000E-03
1000,3.75148E+05,nonstructural,V6B,Residential-HD,Concrete,3.95152E-02,1.00000E-03
2500,7.54003E+05,nonstructural,V6B,Residential-HD,Concrete,7.94210E-02,4.00000E-04
100,3.26902E-05,occupants,V6B,Residential-HD,Concrete,2.24213E-06,1.00000E-02
250,8.38540E-04,occupants,V6B,Residential-HD,Concrete,5.75130E-05,4.00000E-03
500,3.70858E-03,occupants,V6B,Residential-HD,Concrete,2.54360E-04,2.00000E-03
1000,9.93296E-03,occupants,V6B,Residential-HD,Concrete,6.81273E-04,1.00000E-03
2500,2.24680E-02,occupants,V6B,Residential-HD,Concrete,1.54101E-03,4.00000E-04
25,4.76074E+00,structural,V6B,Residential-HD,Concrete,2.28443E-06,4.00000E-02
50,5.50564E+02,structural,V6B,Residential-HD,Concrete,2.64187E-04,2.00000E-02
100,5.06731E+03,structural,V6B,Residential-HD,Concrete,2.43154E-03,1.00000E-02
250,3.44049E+04,structural,V6B,Residential-HD,Concrete,1.65091E-02,4.00000E-03
500,8.78808E+04,structural,V6B,Residential-HD,Concrete,4.21694E-02,2.00000E-03
1000,1.83248E+05,structural,V6B,Residential-HD,Concrete,8.79313E-02,1.00000E-03
2500,3.78153E+05,structural,V6B,Residential-HD,Concrete,1.81456E-01,4.00000E-04
25,1.04058E+05,contents,V6B,Commercial,URMasonry,3.14213E-03,4.00000E-02
50,3.40183E+05,contents,V6B,Commercial,URMasonry,1.02722E-02,2.00000E-02
100,7.00144E+05,contents,V6B,Commercial,URMasonry,2.11416E-02,1.00000E-02
250,1.38953E+06,contents,V6B,Commercial,URMasonry,4.19583E-02,4.00000E-03
500,2.03386E+06,contents,V6B,Commercial,URMasonry,6.14144E-02,2.00000E-03
1000,2.77384E+06,contents,V6B,Commercial,URMasonry,8.37590E-02,1.00000E-03
2500,3.81786E+06,contents,V6B,Commercial,URMasonry,1.15284E-01,4.00000E-04
25,9.48489E+04,nonstructural,V6B,Commercial,URMasonry,1.57985E-03,4.00000E-02
50,4.00666E+05,nonstructural,V6B,Commercial,URMasonry,6.67369E-03,2.00000E-02
100,1.17747E+06,nonstructural,V6B,Commercial,URMasonry,1.96126E-02,1.00000E-02
250,3.51500E+06,nonstructural,V6B,Commercial,URMasonry,5.85476E-02,4.00000E-03
500,6.56717E+06,nonstructural,V6B,Commercial,URMasonry,1.09386E-01,2.00000E-03
1000,1.08020E+07,nonstructural,V6B,Commercial,URMasonry,1.79923E-01,1.00000E-03
2500,1.77121E+07,nonstructural,V6B,Commercial,URMasonry,2.95022E-01,4.00000E-04
100,9.21052E-04,occupants,V6B,Commercial,URMasonry,8.08047E-07,1.00000E-02
250,3.29417E-02,occupants,V6B,Commercial,URMasonry,2.89001E-05,4.00000E-03
500,1.66587E-01,occupants,V6B,Commercial,URMasonry,1.46148E-04,2.00000E-03
1000,4.93182E-01,occupants,V6B,Commercial,URMasonry,4.32673E-04,1.00000E-03
2500,1.31213E+00,occupants,V6B,Commercial,URMasonry,1.15115E-03,4.00000E-04
25,5.90747E+03,structural,V6B,Commercial,URMasonry,1.60544E-04,4.00000E-02
50,7.02781E+04,structural,V6B,Commercial,URMasonry,1.90991E-03,2.00000E-02
100,3.78357E+05,structural,V6B,Commercial,URMasonry,1.02824E-02,1.00000E-02
250,1.67530E+06,structural,V6B,Commercial,URMasonry,4.55286E-02,4.00000E-03
500,3.66438E+06,structural,V6B,Commercial,URMasonry,9.95848E-02,2.00000E-03
1000,6.52997E+06,structural,V6B,Commercial,URMasonry,1.77461E-01,1.00000E-03
2500,1.13937E+07,structural,V6B,Commercial,URMasonry,3.09640E-01,4.00000E-04
25,8.93370E+01,contents,V6B,Commercial,Concrete,1.80331E-05,4.00000E-02
50,1.46843E+03,contents,V6B,Commercial,Concrete,2.96410E-04,2.00000E-02
100,1.25438E+04,contents,V6B,Commercial,Concrete,2.53204E-03,1.00000E-02
250,8.26233E+04,contents,V6B,Commercial,Concrete,1.66779E-02,4.00000E-03
500,2.14932E+05,contents,V6B,Commercial,Concrete,4.33850E-02,2.00000E-03
1000,4.30349E+05,contents,V6B,Commercial,Concrete,8.68681E-02,1.00000E-03
2500,8.15761E+05,contents,V6B,Commercial,Concrete,1.64665E-01,4.00000E-04
25,8.70851E+02,nonstructural,V6B,Commercial,Concrete,9.69656E-05,4.00000E-02
50,5.90153E+03,nonstructural,V6B,Commercial,Concrete,6.57111E-04,2.00000E-02
100,2.63543E+04,nonstructural,V6B,Commercial,Concrete,2.93444E-03,1.00000E-02
250,1.17166E+05,nonstructural,V6B,Commercial,Concrete,1.30460E-02,4.00000E-03
500,2.70444E+05,nonstructural,V6B,Commercial,Concrete,3.01127E-02,2.00000E-03
1000,5.18431E+05,nonstructural,V6B,Commercial,Concrete,5.77251E-02,1.00000E-03
2500,9.68288E+05,nonstructural,V6B,Commercial,Concrete,1.07815E-01,4.00000E-04
50,2.26225E-05,occupants,V6B,Commercial,Concrete,1.65830E-07,2.00000E-02
100,8.39603E-04,occupants,V6B,Commercial,Concrete,6.15454E-06,1.00000E-02
250,1.42643E-02,occupants,V6B,Commercial,Concrete,1.04562E-04,4.00000E-03
500,5.21287E-02,occupants,V6B,Commercial,Concrete,3.82119E-04,2.00000E-03
1000,1.27482E-01,occupants,V6B,Commercial,Concrete,9.34480E-04,1.00000E-03
2500,2.81346E-01,occupants,V6B,Commercial,Concrete,2.06235E-03,4.00000E-04
25,3.50024E+02,structural,V6B,Commercial,Concrete,6.35886E-05,4.00000E-02
50,3.82539E+03,structural,V6B,Commercial,Concrete,6.94956E-04,2.00000E-02
100,2.01657E+04,structural,V6B,Commercial,Concrete,3.66349E-03,1.00000E-02
250,8.61138E+04,structural,V6B,Commercial,Concrete,1.56443E-02,4.00000E-03
500,1.86275E+05,structural,V6B,Commercial,Concrete,3.38405E-02,2.00000E-03
1000,3.33428E+05,structural,V6B,Commercial,Concrete,6.05737E-02,1.00000E-03
2500,6.22205E+05,structural,V6B,Commercial,Concrete,1.13036E-01,4.00000E-04
25,3.29272E+01,contents,V6B,Commercial,Steel,1.68071E-05,4.00000E-02
50,5.84132E+02,contents,V6B,Commercial,Steel,2.98160E-04,2.00000E-02
100,4.65456E+03,contents,V6B,Commercial,Steel,2.37584E-03,1.00000E-02
250,3.21167E+04,contents,V6B,Commercial,Steel,1.63934E-02,4.00000E-03
500,8.94062E+04,contents,V6B,Commercial,Steel,4.56358E-02,2.00000E-03
1000,1.82122E+05,contents,V6B,Commercial,Steel,9.29610E-02,1.00000E-03
2500,3.57572E+05,contents,V6B,Commercial,Steel,1.82516E-01,4.00000E-04
25,1.91733E+02,nonstructural,V6B,Commercial,Steel,5.39845E-05,4.00000E-02
50,1.69785E+03,nonstructural,V6B,Commercial,Steel,4.78047E-04,2.00000E-02
100,8.21657E+03,nonstructural,V6B,Commercial,Steel,2.31347E-03,1.00000E-02
250,4.02062E+04,nonstructural,V6B,Commercial,Steel,1.13205E-02,4.00000E-03
500,9.96898E+04,nonstructural,V6B,Commercial,Steel,2.80688E-02,2.00000E-03
1000,1.95851E+05,nonstructural,V6B,Commercial,Steel,5.51441E-02,1.00000E-03
2500,3.84334E+05,nonstructural,V6B,Commercial,Steel,1.08213E-01,4.00000E-04
100,2.81460E-04,occupants,V6B,Commercial,Steel,4.13668E-06,1.00000E-02
250,4.16081E-03,occupants,V6B,Commercial,Steel,6.11524E-05,4.00000E-03
500,1.54660E-02,occupants,V6B,Commercial,Steel,2.27308E-04,2.00000E-03
1000,3.90355E-02,occupants,V6B,Commercial,Steel,5.73714E-04,1.00000E-03
2500,8.84868E-02,occupants,V6B,Commercial,Steel,1.30051E-03,4.00000E-04
25,1.57172E+02,structural,V6B,Commercial,Steel,7.22031E-05,4.00000E-02
50,1.71937E+03,structural,V6B,Commercial,Steel,7.89858E-04,2.00000E-02
100,8.66166E+03,structural,V6B,Commercial,Steel,3.97907E-03,1.00000E-02
250,3.71673E+04,structural,V6B,Commercial,Steel,1.70743E-02,4.00000E-03
500,8.24239E+04,structural,V6B,Commercial,Steel,3.78646E-02,2.00000E-03
1000,1.50044E+05,structural,V6B,Commercial,Steel,6.89283E-02,1.00000E-03
2500,2.78309E+05,structural,V6B,Commercial,Steel,1.27852E-01,4.00000E-04
50,1.74608E+02,contents,V6B,Commercial,Wood,2.29220E-04,2.00000E-02
100,1.34016E+03,contents,V6B,Commercial,Wood,1.75932E-03,1.00000E-02
250,1.08063E+04,contents,V6B,Commercial,Wood,1.41863E-02,4.00000E-03
500,3.61661E+04,contents,V6B,Commercial,Wood,4.74778E-02,2.00000E-03
1000,8.61427E+04,contents,V6B,Commercial,Wood,1.13086E-01,1.00000E-03
2500,1.88049E+05,contents,V6B,Commercial,Wood,2.46864E-01,4.00000E-04
50,1.44844E+03,nonstructural,V6B,Commercial,Wood,1.04887E-03,2.00000E-02
100,6.30978E+03,nonstructural,V6B,Commercial,Wood,4.56917E-03,1.00000E-02
250,2.34866E+04,nonstructural,V6B,Commercial,Wood,1.70076E-02,4.00000E-03
500,5.68425E+04,nonstructural,V6B,Commercial,Wood,4.11620E-02,2.00000E-03
1000,1.21490E+05,nonstructural,V6B,Commercial,Wood,8.79757E-02,1.00000E-03
2500,2.59052E+05,nonstructural,V6B,Commercial,Wood,1.87590E-01,4.00000E-04
250,2.68509E-04,occupants,V6B,Commercial,Wood,5.64688E-06,4.00000E-03
500,1.58876E-03,occupants,V6B,Commercial,Wood,3.34123E-05,2.00000E-03
1000,5.80126E-03,occupants,V6B,Commercial,Wood,1.22003E-04,1.00000E-03
2500,1.80566E-02,occupants,V6B,Commercial,Wood,3.79738E-04,4.00000E-04
25,7.80529E+03,structural,V6B,Commercial,Wood,9.22189E-03,4.00000E-02
50,1.62285E+04,structural,V6B,Commercial,Wood,1.91738E-02,2.00000E-02
100,2.19665E+04,structural,V6B,Commercial,Wood,2.59533E-02,1.00000E-02
250,5.04174E+04,structural,V6B,Commercial,Wood,5.95678E-02,4.00000E-03
500,1.14769E+05,structural,V6B,Commercial,Wood,1.35599E-01,2.00000E-03
1000,2.29123E+05,structural,V6B,Commercial,Wood,2.70708E-01,1.00000E-03
2500,4.20823E+05,structural,V6B,Commercial,Wood,4.97200E-01,4.00000E-04
25,4.66745E-01,contents,V6B,Commercial,RMasonry,2.33690E-06,4.00000E-02
50,2.19598E+01,contents,V6B,Commercial,RMasonry,1.09949E-04,2.00000E-02
100,2.64903E+02,contents,V6B,Commercial,RMasonry,1.32632E-03,1.00000E-02
250,2.44125E+03,contents,V6B,Commercial,RMasonry,1.22228E-02,4.00000E-03
500,8.02138E+03,contents,V6B,Commercial,RMasonry,4.01615E-02,2.00000E-03
1000,1.95051E+04,contents,V6B,Commercial,RMasonry,9.76583E-02,1.00000E-03
2500,4.27482E+04,contents,V6B,Commercial,RMasonry,2.14032E-01,4.00000E-04
25,3.62080E+00,nonstructural,V6B,Commercial,RMasonry,1.00000E-05,4.00000E-02
50,2.25988E+02,nonstructural,V6B,Commercial,RMasonry,6.24138E-04,2.00000E-02
100,1.07602E+03,nonstructural,V6B,Commercial,RMasonry,2.97178E-03,1.00000E-02
250,4.74333E+03,nonstructural,V6B,Commercial,RMasonry,1.31002E-02,4.00000E-03
500,1.20228E+04,nonstructural,V6B,Commercial,RMasonry,3.32047E-02,2.00000E-03
1000,2.61315E+04,nonstructural,V6B,Commercial,RMasonry,7.21704E-02,1.00000E-03
2500,5.54658E+04,nonstructural,V6B,Commercial,RMasonry,1.53187E-01,4.00000E-04
100,1.37604E-06,occupants,V6B,Commercial,RMasonry,2.58654E-07,1.00000E-02
250,1.07647E-04,occupants,V6B,Commercial,RMasonry,2.02344E-05,4.00000E-03
500,7.83261E-04,occupants,V6B,Commercial,RMasonry,1.47229E-04,2.00000E-03
1000,3.25039E-03,occupants,V6B,Commercial,RMasonry,6.10975E-04,1.00000E-03
2500,1.08945E-02,occupants,V6B,Commercial,RMasonry,2.04783E-03,4.00000E-04
50,1.84797E+01,structural,V6B,Commercial,RMasonry,8.32718E-05,2.00000E-02
100,2.20958E+02,structural,V6B,Commercial,RMasonry,9.95666E-04,1.00000E-02
250,1.82095E+03,structural,V6B,Commercial,RMasonry,8.20544E-03,4.00000E-03
500,5.55488E+03,structural,V6B,Commercial,RMasonry,2.50310E-02,2.00000E-03
1000,1.31707E+04,structural,V6B,Commercial,RMasonry,5.93488E-02,1.00000E-03
2500,2.99567E+04,structural,V6B,Commercial,RMasonry,1.34989E-01,4.00000E-04
25,1.54136E+04,contents,V6B,Industrial,URMasonry,3.13515E-03,4.00000E-02
50,5.45965E+04,contents,V6B,Industrial,URMasonry,1.11050E-02,2.00000E-02
100,1.09817E+05,contents,V6B,Industrial,URMasonry,2.23370E-02,1.00000E-02
250,2.14117E+05,contents,V6B,Industrial,URMasonry,4.35518E-02,4.00000E-03
500,3.12992E+05,contents,V6B,Industrial,URMasonry,6.36632E-02,2.00000E-03
1000,4.27011E+05,contents,V6B,Industrial,URMasonry,8.68549E-02,1.00000E-03
2500,5.84872E+05,contents,V6B,Industrial,URMasonry,1.18964E-01,4.00000E-04
25,1.45773E+04,nonstructural,V6B,Industrial,URMasonry,1.48049E-03,4.00000E-02
50,6.95280E+04,nonstructural,V6B,Industrial,URMasonry,7.06137E-03,2.00000E-02
100,2.04026E+05,nonstructural,V6B,Industrial,URMasonry,2.07212E-02,1.00000E-02
250,6.05884E+05,nonstructural,V6B,Industrial,URMasonry,6.15346E-02,4.00000E-03
500,1.14504E+06,nonstructural,V6B,Industrial,URMasonry,1.16292E-01,2.00000E-03
1000,1.92829E+06,nonstructural,V6B,Industrial,URMasonry,1.95840E-01,1.00000E-03
2500,3.20416E+06,nonstructural,V6B,Industrial,URMasonry,3.25419E-01,4.00000E-04
100,4.89479E-06,occupants,V6B,Industrial,URMasonry,8.30752E-08,1.00000E-02
250,7.45090E-04,occupants,V6B,Industrial,URMasonry,1.26458E-05,4.00000E-03
500,5.25636E-03,occupants,V6B,Industrial,URMasonry,8.92117E-05,2.00000E-03
1000,2.12641E-02,occupants,V6B,Industrial,URMasonry,3.60898E-04,1.00000E-03
2500,7.32664E-02,occupants,V6B,Industrial,URMasonry,1.24349E-03,4.00000E-04
25,4.23288E+02,structural,V6B,Industrial,URMasonry,1.16232E-04,4.00000E-02
50,6.85625E+03,structural,V6B,Industrial,URMasonry,1.88267E-03,2.00000E-02
100,3.88037E+04,structural,V6B,Industrial,URMasonry,1.06552E-02,1.00000E-02
250,1.77090E+05,structural,V6B,Industrial,URMasonry,4.86275E-02,4.00000E-03
500,3.86471E+05,structural,V6B,Industrial,URMasonry,1.06122E-01,2.00000E-03
1000,7.12981E+05,structural,V6B,Industrial,URMasonry,1.95779E-01,1.00000E-03
2500,1.26153E+06,structural,V6B,Industrial,URMasonry,3.46407E-01,4.00000E-04
50,2.81833E+02,contents,V6B,Industrial,Wood,2.29220E-04,2.00000E-02
100,2.16314E+03,contents,V6B,Industrial,Wood,1.75932E-03,1.00000E-02
250,1.74424E+04,contents,V6B,Industrial,Wood,1.41863E-02,4.00000E-03
500,5.83754E+04,contents,V6B,Industrial,Wood,4.74778E-02,2.00000E-03
1000,1.39042E+05,contents,V6B,Industrial,Wood,1.13086E-01,1.00000E-03
2500,3.03528E+05,contents,V6B,Industrial,Wood,2.46865E-01,4.00000E-04
50,2.71690E+03,nonstructural,V6B,Industrial,Wood,1.10334E-03,2.00000E-02
100,1.14538E+04,nonstructural,V6B,Industrial,Wood,4.65139E-03,1.00000E-02
250,3.90712E+04,nonstructural,V6B,Industrial,Wood,1.58669E-02,4.00000E-03
500,8.85279E+04,nonstructural,V6B,Industrial,Wood,3.59513E-02,2.00000E-03
1000,1.85146E+05,nonstructural,V6B,Industrial,Wood,7.51880E-02,1.00000E-03
2500,3.97611E+05,nonstructural,V6B,Industrial,Wood,1.61470E-01,4.00000E-04
250,6.03652E-05,occupants,V6B,Industrial,Wood,5.64688E-06,4.00000E-03
500,3.57178E-04,occupants,V6B,Industrial,Wood,3.34123E-05,2.00000E-03
1000,1.30422E-03,occupants,V6B,Industrial,Wood,1.22003E-04,1.00000E-03
2500,4.05940E-03,occupants,V6B,Industrial,Wood,3.79738E-04,4.00000E-04
25,1.07397E+04,structural,V6B,Industrial,Wood,1.17919E-02,4.00000E-02
50,2.20545E+04,structural,V6B,Industrial,Wood,2.42154E-02,2.00000E-02
100,2.85519E+04,structural,V6B,Industrial,Wood,3.13494E-02,1.00000E-02
250,5.85467E+04,structural,V6B,Industrial,Wood,6.42830E-02,4.00000E-03
500,1.26823E+05,structural,V6B,Industrial,Wood,1.39249E-01,2.00000E-03
1000,2.48675E+05,structural,V6B,Industrial,Wood,2.73040E-01,1.00000E-03
2500,4.53653E+05,structural,V6B,Industrial,Wood,4.98102E-01,4.00000E-04
25,2.34714E+02,contents,V6B,Residential-MD,URMasonry,2.28022E-03,4.00000E-02
50,1.13151E+03,contents,V6B,Residential-MD,URMasonry,1.09925E-02,2.00000E-02
100,2.32109E+03,contents,V6B,Residential-MD,URMasonry,2.25491E-02,1.00000E-02
250,4.63467E+03,contents,V6B,Residential-MD,URMasonry,4.50253E-02,4.00000E-03
500,6.90419E+03,contents,V6B,Residential-MD,URMasonry,6.70734E-02,2.00000E-03
1000,9.55759E+03,contents,V6B,Residential-MD,URMasonry,9.28510E-02,1.00000E-03
2500,1.32415E+04,contents,V6B,Residential-MD,URMasonry,1.28639E-01,4.00000E-04
25,1.06519E+03,nonstructural,V6B,Residential-MD,URMasonry,9.08622E-04,4.00000E-02
50,7.26594E+03,nonstructural,V6B,Residential-MD,URMasonry,6.19795E-03,2.00000E-02
100,2.23292E+04,nonstructural,V6B,Residential-MD,URMasonry,1.90471E-02,1.00000E-02
250,7.01540E+04,nonstructural,V6B,Residential-MD,URMasonry,5.98424E-02,4.00000E-03
500,1.40393E+05,nonstructural,V6B,Residential-MD,URMasonry,1.19757E-01,2.00000E-03
1000,2.47706E+05,nonstructural,V6B,Residential-MD,URMasonry,2.11297E-01,1.00000E-03
2500,4.21750E+05,nonstructural,V6B,Residential-MD,URMasonry,3.59759E-01,4.00000E-04
250,5.75364E-06,occupants,V6B,Residential-MD,URMasonry,4.29376E-06,4.00000E-03
500,5.89500E-05,occupants,V6B,Residential-MD,URMasonry,4.39925E-05,2.00000E-03
1000,3.36702E-04,occupants,V6B,Residential-MD,URMasonry,2.51270E-04,1.00000E-03
2500,1.54630E-03,occupants,V6B,Residential-MD,URMasonry,1.15395E-03,4.00000E-04
25,1.54369E+00,structural,V6B,Residential-MD,URMasonry,5.99872E-06,4.00000E-02
50,2.93454E+02,structural,V6B,Residential-MD,URMasonry,1.14035E-03,2.00000E-02
100,2.12953E+03,structural,V6B,Residential-MD,URMasonry,8.27525E-03,1.00000E-02
250,1.14287E+04,structural,V6B,Residential-MD,URMasonry,4.44115E-02,4.00000E-03
500,2.78562E+04,structural,V6B,Residential-MD,URMasonry,1.08248E-01,2.00000E-03
1000,5.45589E+04,structural,V6B,Residential-MD,URMasonry,2.12014E-01,1.00000E-03
2500,9.90296E+04,structural,V6B,Residential-MD,URMasonry,3.84825E-01,4.00000E-04
25,7.98686E+02,contents,V6B,Civic,URMasonry,1.54925E-03,4.00000E-02
50,4.65826E+03,contents,V6B,Civic,URMasonry,9.03584E-03,2.00000E-02
100,1.02368E+04,contents,V6B,Civic,URMasonry,1.98567E-02,1.00000E-02
250,2.17966E+04,contents,V6B,Civic,URMasonry,4.22798E-02,4.00000E-03
500,3.36823E+04,contents,V6B,Civic,URMasonry,6.53351E-02,2.00000E-03
1000,4.79862E+04,contents,V6B,Civic,URMasonry,9.30811E-02,1.00000E-03
2500,6.82561E+04,contents,V6B,Civic,URMasonry,1.32400E-01,4.00000E-04
25,1.45757E+03,nonstructural,V6B,Civic,URMasonry,6.20632E-04,4.00000E-02
50,1.11581E+04,nonstructural,V6B,Civic,URMasonry,4.75109E-03,2.00000E-02
100,3.55583E+04,nonstructural,V6B,Civic,URMasonry,1.51406E-02,1.00000E-02
250,1.16716E+05,nonstructural,V6B,Civic,URMasonry,4.96975E-02,4.00000E-03
500,2.39028E+05,nonstructural,V6B,Civic,URMasonry,1.01778E-01,2.00000E-03
1000,4.32060E+05,nonstructural,V6B,Civic,URMasonry,1.83970E-01,1.00000E-03
2500,7.60554E+05,nonstructural,V6B,Civic,URMasonry,3.23843E-01,4.00000E-04
250,3.61505E-05,occupants,V6B,Civic,URMasonry,9.97531E-07,4.00000E-03
500,6.03806E-04,occupants,V6B,Civic,URMasonry,1.66613E-05,2.00000E-03
1000,5.17549E-03,occupants,V6B,Civic,URMasonry,1.42812E-04,1.00000E-03
2500,3.43582E-02,occupants,V6B,Civic,URMasonry,9.48075E-04,4.00000E-04
25,1.37453E+00,structural,V6B,Civic,URMasonry,2.66624E-06,4.00000E-02
50,3.26873E+02,structural,V6B,Civic,URMasonry,6.34051E-04,2.00000E-02
100,2.79687E+03,structural,V6B,Civic,URMasonry,5.42523E-03,1.00000E-02
250,1.70678E+04,structural,V6B,Civic,URMasonry,3.31073E-02,4.00000E-03
500,4.42367E+04,structural,V6B,Civic,URMasonry,8.58079E-02,2.00000E-03
1000,9.09294E+04,structural,V6B,Civic,URMasonry,1.76380E-01,1.00000E-03
2500,1.73507E+05,structural,V6B,Civic,URMasonry,3.36561E-01,4.00000E-04
25,1.21777E+03,contents,V6Z,Residential-HD,URMasonry,2.10368E-03,4.00000E-02
50,6.26898E+03,contents,V6Z,Residential-HD,URMasonry,1.08296E-02,2.00000E-02
100,1.27902E+04,contents,V6Z,Residential-HD,URMasonry,2.20949E-02,1.00000E-02
250,2.61021E+04,contents,V6Z,Residential-HD,URMasonry,4.50909E-02,4.00000E-03
500,3.88440E+04,contents,V6Z,Residential-HD,URMasonry,6.71024E-02,2.00000E-03
1000,5.37604E+04,contents,V6Z,Residential-HD,URMasonry,9.28703E-02,1.00000E-03
2500,7.53000E+04,contents,V6Z,Residential-HD,URMasonry,1.30080E-01,4.00000E-04
25,5.51059E+03,nonstructural,V6Z,Residential-HD,URMasonry,8.35855E-04,4.00000E-02
50,3.99898E+04,nonstructural,V6Z,Residential-HD,URMasonry,6.06572E-03,2.00000E-02
100,1.21521E+05,nonstructural,V6Z,Residential-HD,URMasonry,1.84325E-02,1.00000E-02
250,3.95491E+05,nonstructural,V6Z,Residential-HD,URMasonry,5.99887E-02,4.00000E-03
500,7.90135E+05,nonstructural,V6Z,Residential-HD,URMasonry,1.19849E-01,2.00000E-03
1000,1.39353E+06,nonstructural,V6Z,Residential-HD,URMasonry,2.11373E-01,1.00000E-03
2500,2.41235E+06,nonstructural,V6Z,Residential-HD,URMasonry,3.65909E-01,4.00000E-04
250,4.13652E-05,occupants,V6Z,Residential-HD,URMasonry,4.34508E-06,4.00000E-03
500,4.19772E-04,occupants,V6Z,Residential-HD,URMasonry,4.40937E-05,2.00000E-03
1000,2.39466E-03,occupants,V6Z,Residential-HD,URMasonry,2.51540E-04,1.00000E-03
2500,1.15038E-02,occupants,V6Z,Residential-HD,URMasonry,1.20838E-03,4.00000E-04
25,5.75574E+00,structural,V6Z,Residential-HD,URMasonry,3.97718E-06,4.00000E-02
50,1.58347E+03,structural,V6Z,Residential-HD,URMasonry,1.09417E-03,2.00000E-02
100,1.13651E+04,structural,V6Z,Residential-HD,URMasonry,7.85318E-03,1.00000E-02
250,6.44822E+04,structural,V6Z,Residential-HD,URMasonry,4.45568E-02,4.00000E-03
500,1.56803E+05,structural,V6Z,Residential-HD,URMasonry,1.08350E-01,2.00000E-03
1000,3.06951E+05,structural,V6Z,Residential-HD,URMasonry,2.12101E-01,1.00000E-03
2500,5.67333E+05,structural,V6Z,Residential-HD,URMasonry,3.92024E-01,4.00000E-04
25,3.19295E+04,contents,V6Z,Commercial,URMasonry,3.56719E-03,4.00000E-02
50,9.22674E+04,contents,V6Z,Commercial,URMasonry,1.03082E-02,2.00000E-02
100,1.90392E+05,contents,V6Z,Commercial,URMasonry,2.12707E-02,1.00000E-02
250,3.69220E+05,contents,V6Z,Commercial,URMasonry,4.12496E-02,4.00000E-03
500,5.28674E+05,contents,V6Z,Commercial,URMasonry,5.90638E-02,2.00000E-03
1000,7.05615E+05,contents,V6Z,Commercial,URMasonry,7.88318E-02,1.00000E-03
2500,9.60341E+05,contents,V6Z,Commercial,URMasonry,1.07290E-01,4.00000E-04
25,2.87971E+04,nonstructural,V6Z,Commercial,URMasonry,1.77467E-03,4.00000E-02
50,1.14602E+05,nonstructural,V6Z,Commercial,URMasonry,7.06255E-03,2.00000E-02
100,3.36257E+05,nonstructural,V6Z,Commercial,URMasonry,2.07224E-02,1.00000E-02
250,9.86570E+05,nonstructural,V6Z,Commercial,URMasonry,6.07989E-02,4.00000E-03
500,1.78375E+06,nonstructural,V6Z,Commercial,URMasonry,1.09927E-01,2.00000E-03
1000,2.80786E+06,nonstructural,V6Z,Commercial,URMasonry,1.73039E-01,1.00000E-03
2500,4.40067E+06,nonstructural,V6Z,Commercial,URMasonry,2.71199E-01,4.00000E-04
100,2.56740E-04,occupants,V6Z,Commercial,URMasonry,7.64106E-07,1.00000E-02
250,9.66820E-03,occupants,V6Z,Commercial,URMasonry,2.87744E-05,4.00000E-03
500,5.03952E-02,occupants,V6Z,Commercial,URMasonry,1.49986E-04,2.00000E-03
1000,1.57087E-01,occupants,V6Z,Commercial,URMasonry,4.67522E-04,1.00000E-03
2500,4.37947E-01,occupants,V6Z,Commercial,URMasonry,1.30341E-03,4.00000E-04
25,1.87603E+03,structural,V6Z,Commercial,URMasonry,1.88632E-04,4.00000E-02
50,2.20625E+04,structural,V6Z,Commercial,URMasonry,2.21835E-03,2.00000E-02
100,1.15121E+05,structural,V6Z,Commercial,URMasonry,1.15753E-02,1.00000E-02
250,4.90954E+05,structural,V6Z,Commercial,URMasonry,4.93648E-02,4.00000E-03
500,1.01601E+06,structural,V6Z,Commercial,URMasonry,1.02158E-01,2.00000E-03
1000,1.71508E+06,structural,V6Z,Commercial,URMasonry,1.72449E-01,1.00000E-03
2500,2.82363E+06,structural,V6Z,Commercial,URMasonry,2.83912E-01,4.00000E-04
25,4.33034E+01,contents,V6Z,Commercial,Concrete,2.16919E-05,4.00000E-02
50,6.25244E+02,contents,V6Z,Commercial,Concrete,3.13203E-04,2.00000E-02
100,4.82420E+03,contents,V6Z,Commercial,Concrete,2.41658E-03,1.00000E-02
250,3.20346E+04,contents,V6Z,Commercial,Concrete,1.60471E-02,4.00000E-03
500,8.54424E+04,contents,V6Z,Commercial,Concrete,4.28006E-02,2.00000E-03
1000,1.79414E+05,contents,V6Z,Commercial,Concrete,8.98736E-02,1.00000E-03
2500,3.83497E+05,contents,V6Z,Commercial,Concrete,1.92105E-01,4.00000E-04
25,2.59140E+02,nonstructural,V6Z,Commercial,Concrete,7.16053E-05,4.00000E-02
50,2.23625E+03,nonstructural,V6Z,Commercial,Concrete,6.17919E-04,2.00000E-02
100,1.01857E+04,nonstructural,V6Z,Commercial,Concrete,2.81449E-03,1.00000E-02
250,4.63131E+04,nonstructural,V6Z,Commercial,Concrete,1.27972E-02,4.00000E-03
500,1.09519E+05,nonstructural,V6Z,Commercial,Concrete,3.02621E-02,2.00000E-03
1000,2.17100E+05,nonstructural,V6Z,Commercial,Concrete,5.99888E-02,1.00000E-03
2500,4.50196E+05,nonstructural,V6Z,Commercial,Concrete,1.24398E-01,4.00000E-04
50,5.32000E-06,occupants,V6Z,Commercial,Concrete,1.27364E-07,2.00000E-02
100,2.90877E-04,occupants,V6Z,Commercial,Concrete,6.96377E-06,1.00000E-02
250,4.88426E-03,occupants,V6Z,Commercial,Concrete,1.16932E-04,4.00000E-03
500,1.86036E-02,occupants,V6Z,Commercial,Concrete,4.45382E-04,2.00000E-03
1000,4.63308E-02,occupants,V6Z,Commercial,Concrete,1.10919E-03,1.00000E-03
2500,1.15027E-01,occupants,V6Z,Commercial,Concrete,2.75381E-03,4.00000E-04
25,7.93181E+01,structural,V6Z,Commercial,Concrete,3.57595E-05,4.00000E-02
50,1.09730E+03,structural,V6Z,Commercial,Concrete,4.94701E-04,2.00000E-02
100,6.43322E+03,structural,V6Z,Commercial,Concrete,2.90033E-03,1.00000E-02
250,3.04663E+04,structural,V6Z,Commercial,Concrete,1.37353E-02,4.00000E-03
500,7.06119E+04,structural,V6Z,Commercial,Concrete,3.18344E-02,2.00000E-03
1000,1.35920E+05,structural,V6Z,Commercial,Concrete,6.12776E-02,1.00000E-03
2500,2.78323E+05,structural,V6Z,Commercial,Concrete,1.25478E-01,4.00000E-04
50,2.49844E+01,contents,V6Z,Commercial,Steel,5.34841E-06,2.00000E-02
100,2.38397E+02,contents,V6Z,Commercial,Steel,5.10336E-05,1.00000E-02
250,3.08593E+03,contents,V6Z,Commercial,Steel,6.60604E-04,4.00000E-03
500,1.68114E+04,contents,V6Z,Commercial,Steel,3.59882E-03,2.00000E-03
1000,5.82908E+04,contents,V6Z,Commercial,Steel,1.24783E-02,1.00000E-03
2500,1.99637E+05,contents,V6Z,Commercial,Steel,4.27361E-02,4.00000E-04
50,7.79386E+02,nonstructural,V6Z,Commercial,Steel,9.20327E-05,2.00000E-02
100,4.06690E+03,nonstructural,V6Z,Commercial,Steel,4.80234E-04,1.00000E-02
250,1.88736E+04,nonstructural,V6Z,Commercial,Steel,2.22866E-03,4.00000E-03
500,4.96351E+04,nonstructural,V6Z,Commercial,Steel,5.86109E-03,2.00000E-03
1000,1.15451E+05,nonstructural,V6Z,Commercial,Steel,1.36329E-02,1.00000E-03
2500,2.96090E+05,nonstructural,V6Z,Commercial,Steel,3.49634E-02,4.00000E-04
250,7.27300E-05,occupants,V6Z,Commercial,Steel,1.00000E-06,4.00000E-03
500,7.83344E-04,occupants,V6Z,Commercial,Steel,1.07706E-05,2.00000E-03
1000,4.27757E-03,occupants,V6Z,Commercial,Steel,5.88143E-05,1.00000E-03
2500,1.91815E-02,occupants,V6Z,Commercial,Steel,2.63735E-04,4.00000E-04
50,1.00568E+03,structural,V6Z,Commercial,Steel,1.93757E-04,2.00000E-02
100,8.78585E+03,structural,V6Z,Commercial,Steel,1.69270E-03,1.00000E-02
250,5.41156E+04,structural,V6Z,Commercial,Steel,1.04261E-02,4.00000E-03
500,1.40733E+05,structural,V6Z,Commercial,Steel,2.71140E-02,2.00000E-03
1000,2.94976E+05,structural,V6Z,Commercial,Steel,5.68308E-02,1.00000E-03
2500,6.22413E+05,structural,V6Z,Commercial,Steel,1.19916E-01,4.00000E-04
50,4.61952E+01,contents,V6Z,Commercial,Wood,2.31290E-04,2.00000E-02
100,3.59057E+02,contents,V6Z,Commercial,Wood,1.79773E-03,1.00000E-02
250,2.83732E+03,contents,V6Z,Commercial,Wood,1.42059E-02,4.00000E-03
500,9.57803E+03,contents,V6Z,Commercial,Wood,4.79554E-02,2.00000E-03
1000,2.28326E+04,contents,V6Z,Commercial,Wood,1.14318E-01,1.00000E-03
2500,4.96844E+04,contents,V6Z,Commercial,Wood,2.48760E-01,4.00000E-04
50,3.67494E+02,nonstructural,V6Z,Commercial,Wood,1.01495E-03,2.00000E-02
100,1.61048E+03,nonstructural,V6Z,Commercial,Wood,4.44785E-03,1.00000E-02
250,6.05230E+03,nonstructural,V6Z,Commercial,Wood,1.67154E-02,4.00000E-03
500,1.49681E+04,nonstructural,V6Z,Commercial,Wood,4.13393E-02,2.00000E-03
1000,3.22489E+04,nonstructural,V6Z,Commercial,Wood,8.90657E-02,1.00000E-03
2500,6.87824E+04,nonstructural,V6Z,Commercial,Wood,1.89965E-01,4.00000E-04
250,3.01714E-05,occupants,V6Z,Commercial,Wood,5.67132E-06,4.00000E-03
500,1.81120E-04,occupants,V6Z,Commercial,Wood,3.40451E-05,2.00000E-03
1000,6.54609E-04,occupants,V6Z,Commercial,Wood,1.23047E-04,1.00000E-03
2500,2.08330E-03,occupants,V6Z,Commercial,Wood,3.91598E-04,4.00000E-04
25,1.84799E+03,structural,V6Z,Commercial,Wood,8.32726E-03,4.00000E-02
50,3.97165E+03,structural,V6Z,Commercial,Wood,1.78968E-02,2.00000E-02
100,5.36545E+03,structural,V6Z,Commercial,Wood,2.41774E-02,1.00000E-02
250,1.30332E+04,structural,V6Z,Commercial,Wood,5.87293E-02,4.00000E-03
500,3.02649E+04,structural,V6Z,Commercial,Wood,1.36378E-01,2.00000E-03
1000,6.02848E+04,structural,V6Z,Commercial,Wood,2.71651E-01,1.00000E-03
2500,1.12049E+05,structural,V6Z,Commercial,Wood,5.04909E-01,4.00000E-04
25,8.65584E+02,contents,V6Z,Residential-MD,URMasonry,3.11481E-03,4.00000E-02
50,3.01928E+03,contents,V6Z,Residential-MD,URMasonry,1.08649E-02,2.00000E-02
100,6.13425E+03,contents,V6Z,Residential-MD,URMasonry,2.20741E-02,1.00000E-02
250,1.19932E+04,contents,V6Z,Residential-MD,URMasonry,4.31576E-02,4.00000E-03
500,1.74883E+04,contents,V6Z,Residential-MD,URMasonry,6.29319E-02,2.00000E-03
1000,2.36354E+04,contents,V6Z,Residential-MD,URMasonry,8.50523E-02,1.00000E-03
2500,3.27246E+04,contents,V6Z,Residential-MD,URMasonry,1.17760E-01,4.00000E-04
25,4.69266E+03,nonstructural,V6Z,Residential-MD,URMasonry,1.48272E-03,4.00000E-02
50,2.16397E+04,nonstructural,V6Z,Residential-MD,URMasonry,6.83743E-03,2.00000E-02
100,6.50331E+04,nonstructural,V6Z,Residential-MD,URMasonry,2.05483E-02,1.00000E-02
250,1.95268E+05,nonstructural,V6Z,Residential-MD,URMasonry,6.16980E-02,4.00000E-03
500,3.67880E+05,nonstructural,V6Z,Residential-MD,URMasonry,1.16238E-01,2.00000E-03
1000,6.03850E+05,nonstructural,V6Z,Residential-MD,URMasonry,1.90796E-01,1.00000E-03
2500,1.02361E+06,nonstructural,V6Z,Residential-MD,URMasonry,3.23427E-01,4.00000E-04
250,5.17870E-05,occupants,V6Z,Residential-MD,URMasonry,1.03161E-05,4.00000E-03
500,3.78145E-04,occupants,V6Z,Residential-MD,URMasonry,7.53277E-05,2.00000E-03
1000,1.57501E-03,occupants,V6Z,Residential-MD,URMasonry,3.13748E-04,1.00000E-03
2500,5.99530E-03,occupants,V6Z,Residential-MD,URMasonry,1.19428E-03,4.00000E-04
25,7.52561E+01,structural,V6Z,Residential-MD,URMasonry,1.08324E-04,4.00000E-02
50,1.26287E+03,structural,V6Z,Residential-MD,URMasonry,1.81778E-03,2.00000E-02
100,7.40643E+03,structural,V6Z,Residential-MD,URMasonry,1.06608E-02,1.00000E-02
250,3.38557E+04,structural,V6Z,Residential-MD,URMasonry,4.87319E-02,4.00000E-03
500,7.43489E+04,structural,V6Z,Residential-MD,URMasonry,1.07018E-01,2.00000E-03
1000,1.33206E+05,structural,V6Z,Residential-MD,URMasonry,1.91738E-01,1.00000E-03
2500,2.39203E+05,structural,V6Z,Residential-MD,URMasonry,3.44309E-01,4.00000E-04
25,1.45155E+03,contents,V6Z,Civic,URMasonry,1.41194E-03,4.00000E-02
50,9.13835E+03,contents,V6Z,Civic,URMasonry,8.88900E-03,2.00000E-02
100,1.99646E+04,contents,V6Z,Civic,URMasonry,1.94199E-02,1.00000E-02
250,4.35350E+04,contents,V6Z,Civic,URMasonry,4.23471E-02,4.00000E-03
500,6.71996E+04,contents,V6Z,Civic,URMasonry,6.53660E-02,2.00000E-03
1000,9.57138E+04,contents,V6Z,Civic,URMasonry,9.31021E-02,1.00000E-03
2500,1.37751E+05,contents,V6Z,Civic,URMasonry,1.33993E-01,4.00000E-04
25,2.93676E+03,nonstructural,V6Z,Civic,URMasonry,5.64357E-04,4.00000E-02
50,2.41848E+04,nonstructural,V6Z,Civic,URMasonry,4.64760E-03,2.00000E-02
100,7.61450E+04,nonstructural,V6Z,Civic,URMasonry,1.46328E-02,1.00000E-02
250,2.59264E+05,nonstructural,V6Z,Civic,URMasonry,4.98229E-02,4.00000E-03
500,5.30044E+05,nonstructural,V6Z,Civic,URMasonry,1.01859E-01,2.00000E-03
1000,9.57692E+05,nonstructural,V6Z,Civic,URMasonry,1.84040E-01,1.00000E-03
2500,1.71608E+06,nonstructural,V6Z,Civic,URMasonry,3.29780E-01,4.00000E-04
250,8.32100E-05,occupants,V6Z,Civic,URMasonry,1.00000E-06,4.00000E-03
500,1.44051E-03,occupants,V6Z,Civic,URMasonry,1.73117E-05,2.00000E-03
1000,1.22023E-02,occupants,V6Z,Civic,URMasonry,1.46645E-04,1.00000E-03
2500,7.76726E-02,occupants,V6Z,Civic,URMasonry,9.33453E-04,4.00000E-04
25,2.25850E+00,structural,V6Z,Civic,URMasonry,1.97718E-06,4.00000E-02
50,6.92955E+02,structural,V6Z,Civic,URMasonry,6.06642E-04,2.00000E-02
100,5.85582E+03,structural,V6Z,Civic,URMasonry,5.12643E-03,1.00000E-02
250,3.79497E+04,structural,V6Z,Civic,URMasonry,3.32228E-02,4.00000E-03
500,9.81155E+04,structural,V6Z,Civic,URMasonry,8.58944E-02,2.00000E-03
1000,2.01565E+05,structural,V6Z,Civic,URMasonry,1.76459E-01,1.00000E-03
2500,3.92283E+05,structural,V6Z,Civic,URMasonry,3.43421E-01,4.00000E-04
25,1.79609E+05,contents,*total*,*total*,*total*,2.68589E-03,4.00000E-02
50,5.37428E+05,contents,*total*,*total*,*total*,8.03671E-03,2.00000E-02
100,1.14287E+06,contents,*total*,*total*,*total*,1.70905E-02,1.00000E-02
250,2.32874E+06,contents,*total*,*total*,*total*,3.48241E-02,4.00000E-03
500,3.50242E+06,contents,*total*,*total*,*total*,5.23753E-02,2.00000E-03
1000,4.87645E+06,contents,*total*,*total*,*total*,7.29227E-02,1.00000E-03
2500,6.97958E+06,contents,*total*,*total*,*total*,1.04373E-01,4.00000E-04
25,2.21340E+05,nonstructural,*total*,*total*,*total*,1.47692E-03,4.00000E-02
50,8.70576E+05,nonstructural,*total*,*total*,*total*,5.80902E-03,2.00000E-02
100,2.54160E+06,nonstructural,*total*,*total*,*total*,1.69591E-02,1.00000E-02
250,7.15479E+06,nonstructural,*total*,*total*,*total*,4.77412E-02,4.00000E-03
500,1.26992E+07,nonstructural,*total*,*total*,*total*,8.47369E-02,2.00000E-03
1000,1.98140E+07,nonstructural,*total*,*total*,*total*,1.32211E-01,1.00000E-03
2500,3.10520E+07,nonstructural,*total*,*total*,*total*,2.07198E-01,4.00000E-04
50,3.16977E-04,occupants,*total*,*total*,*total*,1.52243E-07,2.00000E-02
100,9.00156E-03,occupants,*total*,*total*,*total*,4.32343E-06,1.00000E-02
250,1.33555E-01,occupants,*total*,*total*,*total*,6.41461E-05,4.00000E-03
500,4.40250E-01,occupants,*total*,*total*,*total*,2.11451E-04,2.00000E-03
1000,1.00246E+00,occupants,*total*,*total*,*total*,4.81479E-04,1.00000E-03
2500,2.22002E+00,occupants,*total*,*total*,*total*,1.06627E-03,4.00000E-04
25,4.39047E+04,structural,*total*,*total*,*total*,5.83352E-04,4.00000E-02
50,2.06831E+05,structural,*total*,*total*,*total*,2.74812E-03,2.00000E-02
100,8.59033E+05,structural,*total*,*total*,*total*,1.14138E-02,1.00000E-02
250,3.16999E+06,structural,*total*,*total*,*total*,4.21189E-02,4.00000E-03
500,6.30134E+06,structural,*total*,*total*,*total*,8.37244E-02,2.00000E-03
1000,1.05499E+07,structural,*total*,*total*,*total*,1.40174E-01,1.00000E-03
2500,1.76719E+07,structural,*total*,*total*,*total*,2.34802E-01,4.00000E-04
