#,,,,,,,"generated_by='OpenQuake engine 3.11.3-git0cccb86798', start_date='2021-06-03T06:26:06', checksum=3168367169, risk_investigation_time=1.0, kind='agg_curves-mean'"
return_period,loss_value,loss_type,fsauid,GenOcc,GenType,loss_ratio,annual_frequency_of_exceedence
10,1.15741E+01,contents,V6B,Residential-HD,URMasonry,1.99941E-05,1.00000E-01
25,1.49798E+03,contents,V6B,Residential-HD,URMasonry,2.58774E-03,4.00000E-02
50,5.41531E+03,contents,V6B,Residential-HD,URMasonry,9.35487E-03,2.00000E-02
100,1.15202E+04,contents,V6B,Residential-HD,URMasonry,1.99009E-02,1.00000E-02
250,2.43864E+04,contents,V6B,Residential-HD,URMasonry,4.21271E-02,4.00000E-03
500,3.76547E+04,contents,V6B,Residential-HD,URMasonry,6.50479E-02,2.00000E-03
1000,5.34285E+04,contents,V6B,Residential-HD,URMasonry,9.22968E-02,1.00000E-03
2500,7.68891E+04,contents,V6B,Residential-HD,URMasonry,1.32825E-01,4.00000E-04
10,5.24775E+01,nonstructural,V6B,Residential-HD,URMasonry,7.95987E-06,1.00000E-01
25,7.90350E+03,nonstructural,V6B,Residential-HD,URMasonry,1.19881E-03,4.00000E-02
50,3.62039E+04,nonstructural,V6B,Residential-HD,URMasonry,5.49147E-03,2.00000E-02
100,1.06922E+05,nonstructural,V6B,Residential-HD,URMasonry,1.62181E-02,1.00000E-02
250,3.42583E+05,nonstructural,V6B,Residential-HD,URMasonry,5.19635E-02,4.00000E-03
500,6.92878E+05,nonstructural,V6B,Residential-HD,URMasonry,1.05097E-01,2.00000E-03
1000,1.22454E+06,nonstructural,V6B,Residential-HD,URMasonry,1.85740E-01,1.00000E-03
2500,2.15060E+06,nonstructural,V6B,Residential-HD,URMasonry,3.26207E-01,4.00000E-04
250,2.24582E-05,occupants,V6B,Residential-HD,URMasonry,2.35906E-06,4.00000E-03
500,2.85107E-04,occupants,V6B,Residential-HD,URMasonry,2.99482E-05,2.00000E-03
1000,1.79464E-03,occupants,V6B,Residential-HD,URMasonry,1.88512E-04,1.00000E-03
2500,9.84039E-03,occupants,V6B,Residential-HD,URMasonry,1.03365E-03,4.00000E-04
25,1.28420E+02,structural,V6B,Residential-HD,URMasonry,8.87372E-05,4.00000E-02
50,1.66172E+03,structural,V6B,Residential-HD,URMasonry,1.14824E-03,2.00000E-02
100,9.88480E+03,structural,V6B,Residential-HD,URMasonry,6.83034E-03,1.00000E-02
250,5.29305E+04,structural,V6B,Residential-HD,URMasonry,3.65746E-02,4.00000E-03
500,1.31209E+05,structural,V6B,Residential-HD,URMasonry,9.06644E-02,2.00000E-03
1000,2.59617E+05,structural,V6B,Residential-HD,URMasonry,1.79394E-01,1.00000E-03
2500,4.91475E+05,structural,V6B,Residential-HD,URMasonry,3.39606E-01,4.00000E-04
25,7.19077E+00,contents,V6B,Residential-HD,Concrete,8.62619E-06,4.00000E-02
50,8.68263E+01,contents,V6B,Residential-HD,Concrete,1.04158E-04,2.00000E-02
100,6.32182E+02,contents,V6B,Residential-HD,Concrete,7.58378E-04,1.00000E-02
250,4.62894E+03,contents,V6B,Residential-HD,Concrete,5.55296E-03,4.00000E-03
500,1.35843E+04,contents,V6B,Residential-HD,Concrete,1.62960E-02,2.00000E-03
1000,3.02717E+04,contents,V6B,Residential-HD,Concrete,3.63145E-02,1.00000E-03
2500,6.45776E+04,contents,V6B,Residential-HD,Concrete,7.74686E-02,4.00000E-04
25,8.84467E+02,nonstructural,V6B,Residential-HD,Concrete,9.31630E-05,4.00000E-02
50,5.96129E+03,nonstructural,V6B,Residential-HD,Concrete,6.27917E-04,2.00000E-02
100,2.29955E+04,nonstructural,V6B,Residential-HD,Concrete,2.42217E-03,1.00000E-02
250,8.76685E+04,nonstructural,V6B,Residential-HD,Concrete,9.23434E-03,4.00000E-03
500,1.95908E+05,nonstructural,V6B,Residential-HD,Concrete,2.06355E-02,2.00000E-03
1000,3.80660E+05,nonstructural,V6B,Residential-HD,Concrete,4.00958E-02,1.00000E-03
2500,7.48825E+05,nonstructural,V6B,Residential-HD,Concrete,7.88755E-02,4.00000E-04
50,4.28750E-06,occupants,V6B,Residential-HD,Concrete,2.94067E-07,2.00000E-02
100,7.93412E-05,occupants,V6B,Residential-HD,Concrete,5.44178E-06,1.00000E-02
250,1.07111E-03,occupants,V6B,Residential-HD,Concrete,7.34644E-05,4.00000E-03
500,3.97265E-03,occupants,V6B,Residential-HD,Concrete,2.72473E-04,2.00000E-03
1000,9.95419E-03,occupants,V6B,Residential-HD,Concrete,6.82729E-04,1.00000E-03
2500,2.20181E-02,occupants,V6B,Residential-HD,Concrete,1.51016E-03,4.00000E-04
25,8.72620E+01,structural,V6B,Residential-HD,Concrete,4.18724E-05,4.00000E-02
50,1.09010E+03,structural,V6B,Residential-HD,Concrete,5.23082E-04,2.00000E-02
100,6.92028E+03,structural,V6B,Residential-HD,Concrete,3.32068E-03,1.00000E-02
250,3.78117E+04,structural,V6B,Residential-HD,Concrete,1.81438E-02,4.00000E-03
500,9.23248E+04,structural,V6B,Residential-HD,Concrete,4.43018E-02,2.00000E-03
1000,1.83306E+05,structural,V6B,Residential-HD,Concrete,8.79591E-02,1.00000E-03
2500,3.72030E+05,structural,V6B,Residential-HD,Concrete,1.78518E-01,4.00000E-04
10,4.51677E+03,contents,V6B,Commercial,URMasonry,1.36388E-04,1.00000E-01
25,1.20515E+05,contents,V6B,Commercial,URMasonry,3.63906E-03,4.00000E-02
50,3.51223E+05,contents,V6B,Commercial,URMasonry,1.06055E-02,2.00000E-02
100,7.01058E+05,contents,V6B,Commercial,URMasonry,2.11692E-02,1.00000E-02
250,1.36936E+06,contents,V6B,Commercial,URMasonry,4.13493E-02,4.00000E-03
500,2.00431E+06,contents,V6B,Commercial,URMasonry,6.05222E-02,2.00000E-03
1000,2.72208E+06,contents,V6B,Commercial,URMasonry,8.21960E-02,1.00000E-03
2500,3.76724E+06,contents,V6B,Commercial,URMasonry,1.13756E-01,4.00000E-04
10,3.74208E+03,nonstructural,V6B,Commercial,URMasonry,6.23299E-05,1.00000E-01
25,1.18840E+05,nonstructural,V6B,Commercial,URMasonry,1.97946E-03,4.00000E-02
50,4.51544E+05,nonstructural,V6B,Commercial,URMasonry,7.52114E-03,2.00000E-02
100,1.24551E+06,nonstructural,V6B,Commercial,URMasonry,2.07459E-02,1.00000E-02
250,3.54414E+06,nonstructural,V6B,Commercial,URMasonry,5.90331E-02,4.00000E-03
500,6.51817E+06,nonstructural,V6B,Commercial,URMasonry,1.08570E-01,2.00000E-03
1000,1.06132E+07,nonstructural,V6B,Commercial,URMasonry,1.76779E-01,1.00000E-03
2500,1.74454E+07,nonstructural,V6B,Commercial,URMasonry,2.90579E-01,4.00000E-04
50,8.92116E-05,occupants,V6B,Commercial,URMasonry,7.82661E-08,2.00000E-02
100,2.72519E-03,occupants,V6B,Commercial,URMasonry,2.39083E-06,1.00000E-02
250,4.73285E-02,occupants,V6B,Commercial,URMasonry,4.15217E-05,4.00000E-03
500,1.93611E-01,occupants,V6B,Commercial,URMasonry,1.69857E-04,2.00000E-03
1000,5.28421E-01,occupants,V6B,Commercial,URMasonry,4.63588E-04,1.00000E-03
2500,1.32684E+00,occupants,V6B,Commercial,URMasonry,1.16405E-03,4.00000E-04
10,1.16922E+02,structural,V6B,Commercial,URMasonry,3.17751E-06,1.00000E-01
25,1.26580E+04,structural,V6B,Commercial,URMasonry,3.43999E-04,4.00000E-02
50,9.81653E+04,structural,V6B,Commercial,URMasonry,2.66778E-03,2.00000E-02
100,4.35086E+05,structural,V6B,Commercial,URMasonry,1.18241E-02,1.00000E-02
250,1.73547E+06,structural,V6B,Commercial,URMasonry,4.71639E-02,4.00000E-03
500,3.65105E+06,structural,V6B,Commercial,URMasonry,9.92224E-02,2.00000E-03
1000,6.42678E+06,structural,V6B,Commercial,URMasonry,1.74657E-01,1.00000E-03
2500,1.12018E+07,structural,V6B,Commercial,URMasonry,3.04425E-01,4.00000E-04
10,2.93296E+00,contents,V6B,Commercial,Concrete,5.92033E-07,1.00000E-01
25,2.41195E+02,contents,V6B,Commercial,Concrete,4.86865E-05,4.00000E-02
50,2.63349E+03,contents,V6B,Commercial,Concrete,5.31582E-04,2.00000E-02
100,1.61618E+04,contents,V6B,Commercial,Concrete,3.26234E-03,1.00000E-02
250,8.91975E+04,contents,V6B,Commercial,Concrete,1.80050E-02,4.00000E-03
500,2.18366E+05,contents,V6B,Commercial,Concrete,4.40782E-02,2.00000E-03
1000,4.22941E+05,contents,V6B,Commercial,Concrete,8.53727E-02,1.00000E-03
2500,7.94688E+05,contents,V6B,Commercial,Concrete,1.60412E-01,4.00000E-04
10,2.18817E+01,nonstructural,V6B,Commercial,Concrete,2.43643E-06,1.00000E-01
25,1.33608E+03,nonstructural,V6B,Commercial,Concrete,1.48766E-04,4.00000E-02
50,7.67007E+03,nonstructural,V6B,Commercial,Concrete,8.54030E-04,2.00000E-02
100,3.01537E+04,nonstructural,V6B,Commercial,Concrete,3.35749E-03,1.00000E-02
250,1.23253E+05,nonstructural,V6B,Commercial,Concrete,1.37237E-02,4.00000E-03
500,2.74104E+05,nonstructural,V6B,Commercial,Concrete,3.05203E-02,2.00000E-03
1000,5.10021E+05,nonstructural,V6B,Commercial,Concrete,5.67887E-02,1.00000E-03
2500,9.47738E+05,nonstructural,V6B,Commercial,Concrete,1.05527E-01,4.00000E-04
25,2.05709E-06,occupants,V6B,Commercial,Concrete,1.50791E-08,4.00000E-02
50,1.10785E-04,occupants,V6B,Commercial,Concrete,8.12089E-07,2.00000E-02
100,1.62121E-03,occupants,V6B,Commercial,Concrete,1.18840E-05,1.00000E-02
250,1.72073E-02,occupants,V6B,Commercial,Concrete,1.26135E-04,4.00000E-03
500,5.58570E-02,occupants,V6B,Commercial,Concrete,4.09449E-04,2.00000E-03
1000,1.28976E-01,occupants,V6B,Commercial,Concrete,9.45434E-04,1.00000E-03
2500,2.71074E-01,occupants,V6B,Commercial,Concrete,1.98706E-03,4.00000E-04
10,8.70576E+00,structural,V6B,Commercial,Concrete,1.58157E-06,1.00000E-01
25,7.03455E+02,structural,V6B,Commercial,Concrete,1.27796E-04,4.00000E-02
50,5.26023E+03,structural,V6B,Commercial,Concrete,9.55624E-04,2.00000E-02
100,2.28838E+04,structural,V6B,Commercial,Concrete,4.15729E-03,1.00000E-02
250,8.95136E+04,structural,V6B,Commercial,Concrete,1.62619E-02,4.00000E-03
500,1.87150E+05,structural,V6B,Commercial,Concrete,3.39994E-02,2.00000E-03
1000,3.33765E+05,structural,V6B,Commercial,Concrete,6.06349E-02,1.00000E-03
2500,6.06989E+05,structural,V6B,Commercial,Concrete,1.10271E-01,4.00000E-04
10,7.13125E-01,contents,V6B,Commercial,Steel,3.64002E-07,1.00000E-01
25,8.41685E+01,contents,V6B,Commercial,Steel,4.29623E-05,4.00000E-02
50,9.45324E+02,contents,V6B,Commercial,Steel,4.82524E-04,2.00000E-02
100,6.14801E+03,contents,V6B,Commercial,Steel,3.13814E-03,1.00000E-02
250,3.69418E+04,contents,V6B,Commercial,Steel,1.88563E-02,4.00000E-03
500,9.51905E+04,contents,V6B,Commercial,Steel,4.85883E-02,2.00000E-03
1000,1.91519E+05,contents,V6B,Commercial,Steel,9.77573E-02,1.00000E-03
2500,3.73312E+05,contents,V6B,Commercial,Steel,1.90550E-01,4.00000E-04
10,3.24638E+00,nonstructural,V6B,Commercial,Steel,9.14055E-07,1.00000E-01
25,3.29676E+02,nonstructural,V6B,Commercial,Steel,9.28238E-05,4.00000E-02
50,2.17942E+03,nonstructural,V6B,Commercial,Steel,6.13640E-04,2.00000E-02
100,9.63462E+03,nonstructural,V6B,Commercial,Steel,2.71273E-03,1.00000E-02
250,4.45063E+04,nonstructural,V6B,Commercial,Steel,1.25312E-02,4.00000E-03
500,1.05874E+05,nonstructural,V6B,Commercial,Steel,2.98100E-02,2.00000E-03
1000,2.06833E+05,nonstructural,V6B,Commercial,Steel,5.82362E-02,1.00000E-03
2500,4.02553E+05,nonstructural,V6B,Commercial,Steel,1.13343E-01,4.00000E-04
25,3.84079E-07,occupants,V6B,Commercial,Steel,5.64491E-09,4.00000E-02
50,3.78143E-05,occupants,V6B,Commercial,Steel,5.55766E-07,2.00000E-02
100,5.14770E-04,occupants,V6B,Commercial,Steel,7.56570E-06,1.00000E-02
250,5.30097E-03,occupants,V6B,Commercial,Steel,7.79096E-05,4.00000E-03
500,1.75389E-02,occupants,V6B,Commercial,Steel,2.57773E-04,2.00000E-03
1000,4.11379E-02,occupants,V6B,Commercial,Steel,6.04614E-04,1.00000E-03
2500,8.92751E-02,occupants,V6B,Commercial,Steel,1.31210E-03,4.00000E-04
10,1.92220E+00,structural,V6B,Commercial,Steel,8.83039E-07,1.00000E-01
25,3.08984E+02,structural,V6B,Commercial,Steel,1.41944E-04,4.00000E-02
50,2.26621E+03,structural,V6B,Commercial,Steel,1.04107E-03,2.00000E-02
100,9.75998E+03,structural,V6B,Commercial,Steel,4.48363E-03,1.00000E-02
250,3.95628E+04,structural,V6B,Commercial,Steel,1.81747E-02,4.00000E-03
500,8.57688E+04,structural,V6B,Commercial,Steel,3.94013E-02,2.00000E-03
1000,1.56935E+05,structural,V6B,Commercial,Steel,7.20942E-02,1.00000E-03
2500,2.90167E+05,structural,V6B,Commercial,Steel,1.33299E-01,4.00000E-04
25,1.82557E+01,contents,V6B,Commercial,Wood,2.39656E-05,4.00000E-02
50,2.33012E+02,contents,V6B,Commercial,Wood,3.05891E-04,2.00000E-02
100,1.67192E+03,contents,V6B,Commercial,Wood,2.19485E-03,1.00000E-02
250,1.26097E+04,contents,V6B,Commercial,Wood,1.65537E-02,4.00000E-03
500,3.84354E+04,contents,V6B,Commercial,Wood,5.04568E-02,2.00000E-03
1000,8.73162E+04,contents,V6B,Commercial,Wood,1.14626E-01,1.00000E-03
2500,1.86406E+05,contents,V6B,Commercial,Wood,2.44708E-01,4.00000E-04
25,1.43101E+02,nonstructural,V6B,Commercial,Wood,1.03626E-04,4.00000E-02
50,1.73454E+03,nonstructural,V6B,Commercial,Wood,1.25605E-03,2.00000E-02
100,6.81932E+03,nonstructural,V6B,Commercial,Wood,4.93815E-03,1.00000E-02
250,2.53743E+04,nonstructural,V6B,Commercial,Wood,1.83746E-02,4.00000E-03
500,5.97727E+04,nonstructural,V6B,Commercial,Wood,4.32839E-02,2.00000E-03
1000,1.23309E+05,nonstructural,V6B,Commercial,Wood,8.92927E-02,1.00000E-03
2500,2.58157E+05,nonstructural,V6B,Commercial,Wood,1.86942E-01,4.00000E-04
100,1.81262E-05,occupants,V6B,Commercial,Wood,3.81203E-07,1.00000E-02
250,4.12585E-04,occupants,V6B,Commercial,Wood,8.67687E-06,4.00000E-03
500,1.96923E-03,occupants,V6B,Commercial,Wood,4.14139E-05,2.00000E-03
1000,6.33649E-03,occupants,V6B,Commercial,Wood,1.33260E-04,1.00000E-03
2500,1.88380E-02,occupants,V6B,Commercial,Wood,3.96173E-04,4.00000E-04
10,2.44898E+02,structural,V6B,Commercial,Wood,2.89345E-04,1.00000E-01
25,7.76925E+03,structural,V6B,Commercial,Wood,9.17931E-03,4.00000E-02
50,1.58265E+04,structural,V6B,Commercial,Wood,1.86989E-02,2.00000E-02
100,2.28304E+04,structural,V6B,Commercial,Wood,2.69739E-02,1.00000E-02
250,5.45481E+04,structural,V6B,Commercial,Wood,6.44483E-02,4.00000E-03
500,1.18266E+05,structural,V6B,Commercial,Wood,1.39731E-01,2.00000E-03
1000,2.26489E+05,structural,V6B,Commercial,Wood,2.67596E-01,1.00000E-03
2500,4.12086E+05,structural,V6B,Commercial,Wood,4.86877E-01,4.00000E-04
25,3.76567E+00,contents,V6B,Commercial,RMasonry,1.88540E-05,4.00000E-02
50,5.00983E+01,contents,V6B,Commercial,RMasonry,2.50833E-04,2.00000E-02
100,3.74915E+02,contents,V6B,Commercial,RMasonry,1.87713E-03,1.00000E-02
250,2.84230E+03,contents,V6B,Commercial,RMasonry,1.42308E-02,4.00000E-03
500,8.61260E+03,contents,V6B,Commercial,RMasonry,4.31216E-02,2.00000E-03
1000,1.97280E+04,contents,V6B,Commercial,RMasonry,9.87745E-02,1.00000E-03
2500,4.29101E+04,contents,V6B,Commercial,RMasonry,2.14843E-01,4.00000E-04
25,3.79175E+01,nonstructural,V6B,Commercial,RMasonry,1.04721E-04,4.00000E-02
50,3.00301E+02,nonstructural,V6B,Commercial,RMasonry,8.29378E-04,2.00000E-02
100,1.20485E+03,nonstructural,V6B,Commercial,RMasonry,3.32757E-03,1.00000E-02
250,5.13013E+03,nonstructural,V6B,Commercial,RMasonry,1.41685E-02,4.00000E-03
500,1.26320E+04,nonstructural,V6B,Commercial,RMasonry,3.48874E-02,2.00000E-03
1000,2.64985E+04,nonstructural,V6B,Commercial,RMasonry,7.31840E-02,1.00000E-03
2500,5.60709E+04,nonstructural,V6B,Commercial,RMasonry,1.54858E-01,4.00000E-04
50,1.22025E-07,occupants,V6B,Commercial,RMasonry,2.29371E-08,2.00000E-02
100,6.93271E-06,occupants,V6B,Commercial,RMasonry,1.30314E-06,1.00000E-02
250,1.82399E-04,occupants,V6B,Commercial,RMasonry,3.42855E-05,4.00000E-03
500,1.02626E-03,occupants,V6B,Commercial,RMasonry,1.92906E-04,2.00000E-03
1000,3.61920E-03,occupants,V6B,Commercial,RMasonry,6.80300E-04,1.00000E-03
2500,1.13484E-02,occupants,V6B,Commercial,RMasonry,2.13316E-03,4.00000E-04
25,2.27176E+00,structural,V6B,Commercial,RMasonry,1.02368E-05,4.00000E-02
50,3.93315E+01,structural,V6B,Commercial,RMasonry,1.77233E-04,2.00000E-02
100,2.99984E+02,structural,V6B,Commercial,RMasonry,1.35176E-03,1.00000E-02
250,2.05550E+03,structural,V6B,Commercial,RMasonry,9.26234E-03,4.00000E-03
500,5.92520E+03,structural,V6B,Commercial,RMasonry,2.66997E-02,2.00000E-03
1000,1.34825E+04,structural,V6B,Commercial,RMasonry,6.07541E-02,1.00000E-03
2500,3.05512E+04,structural,V6B,Commercial,RMasonry,1.37668E-01,4.00000E-04
10,5.32394E+02,contents,V6B,Industrial,URMasonry,1.08290E-04,1.00000E-01
25,1.86992E+04,contents,V6B,Industrial,URMasonry,3.80346E-03,4.00000E-02
50,5.55186E+04,contents,V6B,Industrial,URMasonry,1.12926E-02,2.00000E-02
100,1.09290E+05,contents,V6B,Industrial,URMasonry,2.22298E-02,1.00000E-02
250,2.11691E+05,contents,V6B,Industrial,URMasonry,4.30583E-02,4.00000E-03
500,3.09624E+05,contents,V6B,Industrial,URMasonry,6.29782E-02,2.00000E-03
1000,4.20286E+05,contents,V6B,Industrial,URMasonry,8.54870E-02,1.00000E-03
2500,5.80280E+05,contents,V6B,Industrial,URMasonry,1.18030E-01,4.00000E-04
10,4.73468E+02,nonstructural,V6B,Industrial,URMasonry,4.80862E-05,1.00000E-01
25,1.97767E+04,nonstructural,V6B,Industrial,URMasonry,2.00856E-03,4.00000E-02
50,7.71364E+04,nonstructural,V6B,Industrial,URMasonry,7.83409E-03,2.00000E-02
100,2.13644E+05,nonstructural,V6B,Industrial,URMasonry,2.16980E-02,1.00000E-02
250,6.16559E+05,nonstructural,V6B,Industrial,URMasonry,6.26187E-02,4.00000E-03
500,1.15364E+06,nonstructural,V6B,Industrial,URMasonry,1.17166E-01,2.00000E-03
1000,1.91044E+06,nonstructural,V6B,Industrial,URMasonry,1.94028E-01,1.00000E-03
2500,3.17374E+06,nonstructural,V6B,Industrial,URMasonry,3.22330E-01,4.00000E-04
50,6.39709E-07,occupants,V6B,Industrial,URMasonry,1.08572E-08,2.00000E-02
100,5.00403E-05,occupants,V6B,Industrial,URMasonry,8.49292E-07,1.00000E-02
250,1.39249E-03,occupants,V6B,Industrial,URMasonry,2.36336E-05,4.00000E-03
500,7.61485E-03,occupants,V6B,Industrial,URMasonry,1.29241E-04,2.00000E-03
1000,2.55244E-02,occupants,V6B,Industrial,URMasonry,4.33205E-04,1.00000E-03
2500,7.81474E-02,occupants,V6B,Industrial,URMasonry,1.32633E-03,4.00000E-04
10,4.36362E+00,structural,V6B,Industrial,URMasonry,1.19822E-06,1.00000E-01
25,1.14982E+03,structural,V6B,Industrial,URMasonry,3.15732E-04,4.00000E-02
50,9.66979E+03,structural,V6B,Industrial,URMasonry,2.65525E-03,2.00000E-02
100,4.43566E+04,structural,V6B,Industrial,URMasonry,1.21800E-02,1.00000E-02
250,1.83757E+05,structural,V6B,Industrial,URMasonry,5.04582E-02,4.00000E-03
500,3.95168E+05,structural,V6B,Industrial,URMasonry,1.08510E-01,2.00000E-03
1000,7.09048E+05,structural,V6B,Industrial,URMasonry,1.94699E-01,1.00000E-03
2500,1.24865E+06,structural,V6B,Industrial,URMasonry,3.42869E-01,4.00000E-04
25,2.94664E+01,contents,V6B,Industrial,Wood,2.39656E-05,4.00000E-02
50,3.76103E+02,contents,V6B,Industrial,Wood,3.05891E-04,2.00000E-02
100,2.69863E+03,contents,V6B,Industrial,Wood,2.19485E-03,1.00000E-02
250,2.03533E+04,contents,V6B,Industrial,Wood,1.65537E-02,4.00000E-03
500,6.20382E+04,contents,V6B,Industrial,Wood,5.04568E-02,2.00000E-03
1000,1.40936E+05,contents,V6B,Industrial,Wood,1.14626E-01,1.00000E-03
2500,3.00876E+05,contents,V6B,Industrial,Wood,2.44708E-01,4.00000E-04
25,2.67088E+02,nonstructural,V6B,Industrial,Wood,1.08465E-04,4.00000E-02
50,3.25385E+03,nonstructural,V6B,Industrial,Wood,1.32139E-03,2.00000E-02
100,1.22849E+04,nonstructural,V6B,Industrial,Wood,4.98893E-03,1.00000E-02
250,4.16188E+04,nonstructural,V6B,Industrial,Wood,1.69015E-02,4.00000E-03
500,9.30098E+04,nonstructural,V6B,Industrial,Wood,3.77715E-02,2.00000E-03
1000,1.88381E+05,nonstructural,V6B,Industrial,Wood,7.65021E-02,1.00000E-03
2500,3.97453E+05,nonstructural,V6B,Industrial,Wood,1.61407E-01,4.00000E-04
100,4.07507E-06,occupants,V6B,Industrial,Wood,3.81203E-07,1.00000E-02
250,9.27558E-05,occupants,V6B,Industrial,Wood,8.67687E-06,4.00000E-03
500,4.42715E-04,occupants,V6B,Industrial,Wood,4.14139E-05,2.00000E-03
1000,1.42454E-03,occupants,V6B,Industrial,Wood,1.33260E-04,1.00000E-03
2500,4.23509E-03,occupants,V6B,Industrial,Wood,3.96173E-04,4.00000E-04
10,3.36967E+02,structural,V6B,Industrial,Wood,3.69983E-04,1.00000E-01
25,1.06616E+04,structural,V6B,Industrial,Wood,1.17062E-02,4.00000E-02
50,2.14185E+04,structural,V6B,Industrial,Wood,2.35171E-02,2.00000E-02
100,2.93798E+04,structural,V6B,Industrial,Wood,3.22585E-02,1.00000E-02
250,6.29645E+04,structural,V6B,Industrial,Wood,6.91337E-02,4.00000E-03
500,1.30612E+05,structural,V6B,Industrial,Wood,1.43409E-01,2.00000E-03
1000,2.45952E+05,structural,V6B,Industrial,Wood,2.70050E-01,1.00000E-03
2500,4.44382E+05,structural,V6B,Industrial,Wood,4.87923E-01,4.00000E-04
10,3.38126E+00,contents,V6B,Residential-MD,URMasonry,3.28485E-05,1.00000E-01
25,3.41300E+02,contents,V6B,Residential-MD,URMasonry,3.31569E-03,4.00000E-02
50,1.15243E+03,contents,V6B,Residential-MD,URMasonry,1.11958E-02,2.00000E-02
100,2.30573E+03,contents,V6B,Residential-MD,URMasonry,2.24000E-02,1.00000E-02
250,4.57532E+03,contents,V6B,Residential-MD,URMasonry,4.44487E-02,4.00000E-03
500,6.81643E+03,contents,V6B,Residential-MD,URMasonry,6.62209E-02,2.00000E-03
1000,9.40148E+03,contents,V6B,Residential-MD,URMasonry,9.13343E-02,1.00000E-03
2500,1.31413E+04,contents,V6B,Residential-MD,URMasonry,1.27666E-01,4.00000E-04
10,1.52471E+01,nonstructural,V6B,Residential-MD,URMasonry,1.30060E-05,1.00000E-01
25,1.85140E+03,nonstructural,V6B,Residential-MD,URMasonry,1.57927E-03,4.00000E-02
50,8.23841E+03,nonstructural,V6B,Residential-MD,URMasonry,7.02748E-03,2.00000E-02
100,2.34791E+04,nonstructural,V6B,Residential-MD,URMasonry,2.00280E-02,1.00000E-02
250,7.18157E+04,nonstructural,V6B,Residential-MD,URMasonry,6.12598E-02,4.00000E-03
500,1.41631E+05,nonstructural,V6B,Residential-MD,URMasonry,1.20813E-01,2.00000E-03
1000,2.44558E+05,nonstructural,V6B,Residential-MD,URMasonry,2.08612E-01,1.00000E-03
2500,4.16724E+05,nonstructural,V6B,Residential-MD,URMasonry,3.55472E-01,4.00000E-04
100,1.77570E-07,occupants,V6B,Residential-MD,URMasonry,1.32515E-07,1.00000E-02
250,1.17388E-05,occupants,V6B,Residential-MD,URMasonry,8.76031E-06,4.00000E-03
500,9.16163E-05,occupants,V6B,Residential-MD,URMasonry,6.83704E-05,2.00000E-03
1000,4.19491E-04,occupants,V6B,Residential-MD,URMasonry,3.13053E-04,1.00000E-03
2500,1.72237E-03,occupants,V6B,Residential-MD,URMasonry,1.28535E-03,4.00000E-04
25,4.06880E+01,structural,V6B,Residential-MD,URMasonry,1.58112E-04,4.00000E-02
50,4.73204E+02,structural,V6B,Residential-MD,URMasonry,1.83885E-03,2.00000E-02
100,2.51893E+03,structural,V6B,Residential-MD,URMasonry,9.78845E-03,1.00000E-02
250,1.20903E+04,structural,V6B,Residential-MD,URMasonry,4.69822E-02,4.00000E-03
500,2.83971E+04,structural,V6B,Residential-MD,URMasonry,1.10350E-01,2.00000E-03
1000,5.39220E+04,structural,V6B,Residential-MD,URMasonry,2.09538E-01,1.00000E-03
2500,9.77704E+04,structural,V6B,Residential-MD,URMasonry,3.79931E-01,4.00000E-04
10,9.40331E+00,contents,V6B,Civic,URMasonry,1.82400E-05,1.00000E-01
25,1.31183E+03,contents,V6B,Civic,URMasonry,2.54461E-03,4.00000E-02
50,4.80270E+03,contents,V6B,Civic,URMasonry,9.31602E-03,2.00000E-02
100,1.02196E+04,contents,V6B,Civic,URMasonry,1.98234E-02,1.00000E-02
250,2.15637E+04,contents,V6B,Civic,URMasonry,4.18282E-02,4.00000E-03
500,3.32866E+04,contents,V6B,Civic,URMasonry,6.45675E-02,2.00000E-03
1000,4.71958E+04,contents,V6B,Civic,URMasonry,9.15480E-02,1.00000E-03
2500,6.77368E+04,contents,V6B,Civic,URMasonry,1.31392E-01,4.00000E-04
10,1.70741E+01,nonstructural,V6B,Civic,URMasonry,7.27012E-06,1.00000E-01
25,2.75590E+03,nonstructural,V6B,Civic,URMasonry,1.17346E-03,4.00000E-02
50,1.27761E+04,nonstructural,V6B,Civic,URMasonry,5.44003E-03,2.00000E-02
100,3.76974E+04,nonstructural,V6B,Civic,URMasonry,1.60515E-02,1.00000E-02
250,1.19925E+05,nonstructural,V6B,Civic,URMasonry,5.10639E-02,4.00000E-03
500,2.42166E+05,nonstructural,V6B,Civic,URMasonry,1.03114E-01,2.00000E-03
1000,4.28269E+05,nonstructural,V6B,Civic,URMasonry,1.82356E-01,1.00000E-03
2500,7.54004E+05,nonstructural,V6B,Civic,URMasonry,3.21054E-01,4.00000E-04
250,8.15484E-05,occupants,V6B,Civic,URMasonry,2.25023E-06,4.00000E-03
500,1.05434E-03,occupants,V6B,Civic,URMasonry,2.90932E-05,2.00000E-03
1000,6.63395E-03,occupants,V6B,Civic,URMasonry,1.83056E-04,1.00000E-03
2500,3.65568E-02,occupants,V6B,Civic,URMasonry,1.00874E-03,4.00000E-04
25,4.33084E+01,structural,V6B,Civic,URMasonry,8.40073E-05,4.00000E-02
50,5.75886E+02,structural,V6B,Civic,URMasonry,1.11707E-03,2.00000E-02
100,3.43875E+03,structural,V6B,Civic,URMasonry,6.67030E-03,1.00000E-02
250,1.83365E+04,structural,V6B,Civic,URMasonry,3.55681E-02,4.00000E-03
500,4.55323E+04,structural,V6B,Civic,URMasonry,8.83212E-02,2.00000E-03
1000,9.04022E+04,structural,V6B,Civic,URMasonry,1.75357E-01,1.00000E-03
2500,1.71992E+05,structural,V6B,Civic,URMasonry,3.33621E-01,4.00000E-04
10,1.82555E+01,contents,V6Z,Residential-HD,URMasonry,3.15361E-05,1.00000E-01
25,1.88307E+03,contents,V6Z,Residential-HD,URMasonry,3.25297E-03,4.00000E-02
50,6.43115E+03,contents,V6Z,Residential-HD,URMasonry,1.11097E-02,2.00000E-02
100,1.28949E+04,contents,V6Z,Residential-HD,URMasonry,2.22757E-02,1.00000E-02
250,2.56018E+04,contents,V6Z,Residential-HD,URMasonry,4.42267E-02,4.00000E-03
500,3.81612E+04,contents,V6Z,Residential-HD,URMasonry,6.59228E-02,2.00000E-03
1000,5.25520E+04,contents,V6Z,Residential-HD,URMasonry,9.07828E-02,1.00000E-03
2500,7.36692E+04,contents,V6Z,Residential-HD,URMasonry,1.27262E-01,4.00000E-04
10,8.23327E+01,nonstructural,V6Z,Residential-HD,URMasonry,1.24884E-05,1.00000E-01
25,1.01782E+04,nonstructural,V6Z,Residential-HD,URMasonry,1.54385E-03,4.00000E-02
50,4.57204E+04,nonstructural,V6Z,Residential-HD,URMasonry,6.93494E-03,2.00000E-02
100,1.30452E+05,nonstructural,V6Z,Residential-HD,URMasonry,1.97872E-02,1.00000E-02
250,3.98312E+05,nonstructural,V6Z,Residential-HD,URMasonry,6.04166E-02,4.00000E-03
500,7.86417E+05,nonstructural,V6Z,Residential-HD,URMasonry,1.19285E-01,2.00000E-03
1000,1.35765E+06,nonstructural,V6Z,Residential-HD,URMasonry,2.05930E-01,1.00000E-03
2500,2.33402E+06,nonstructural,V6Z,Residential-HD,URMasonry,3.54028E-01,4.00000E-04
100,9.46481E-07,occupants,V6Z,Residential-HD,URMasonry,9.94203E-08,1.00000E-02
250,7.29957E-05,occupants,V6Z,Residential-HD,URMasonry,7.66761E-06,4.00000E-03
500,5.83010E-04,occupants,V6Z,Residential-HD,URMasonry,6.12405E-05,2.00000E-03
1000,2.71430E-03,occupants,V6Z,Residential-HD,URMasonry,2.85116E-04,1.00000E-03
2500,1.16678E-02,occupants,V6Z,Residential-HD,URMasonry,1.22561E-03,4.00000E-04
25,2.19569E+02,structural,V6Z,Residential-HD,URMasonry,1.51721E-04,4.00000E-02
50,2.58909E+03,structural,V6Z,Residential-HD,URMasonry,1.78904E-03,2.00000E-02
100,1.38493E+04,structural,V6Z,Residential-HD,URMasonry,9.56977E-03,1.00000E-02
250,6.65727E+04,structural,V6Z,Residential-HD,URMasonry,4.60013E-02,4.00000E-03
500,1.57039E+05,structural,V6Z,Residential-HD,URMasonry,1.08513E-01,2.00000E-03
1000,2.98617E+05,structural,V6Z,Residential-HD,URMasonry,2.06342E-01,1.00000E-03
2500,5.47390E+05,structural,V6Z,Residential-HD,URMasonry,3.78243E-01,4.00000E-04
10,1.70995E+03,contents,V6Z,Commercial,URMasonry,1.91036E-04,1.00000E-01
25,3.49579E+04,contents,V6Z,Commercial,URMasonry,3.90552E-03,4.00000E-02
50,9.59224E+04,contents,V6Z,Commercial,URMasonry,1.07165E-02,2.00000E-02
100,1.90244E+05,contents,V6Z,Commercial,URMasonry,2.12542E-02,1.00000E-02
250,3.63573E+05,contents,V6Z,Commercial,URMasonry,4.06186E-02,4.00000E-03
500,5.21124E+05,contents,V6Z,Commercial,URMasonry,5.82203E-02,2.00000E-03
1000,6.93771E+05,contents,V6Z,Commercial,URMasonry,7.75086E-02,1.00000E-03
2500,9.38662E+05,contents,V6Z,Commercial,URMasonry,1.04868E-01,4.00000E-04
10,1.39915E+03,nonstructural,V6Z,Commercial,URMasonry,8.62249E-05,1.00000E-01
25,3.53980E+04,nonstructural,V6Z,Commercial,URMasonry,2.18146E-03,4.00000E-02
50,1.29486E+05,nonstructural,V6Z,Commercial,URMasonry,7.97977E-03,2.00000E-02
100,3.54570E+05,nonstructural,V6Z,Commercial,URMasonry,2.18509E-02,1.00000E-02
250,9.87176E+05,nonstructural,V6Z,Commercial,URMasonry,6.08363E-02,4.00000E-03
500,1.76054E+06,nonstructural,V6Z,Commercial,URMasonry,1.08496E-01,2.00000E-03
1000,2.75123E+06,nonstructural,V6Z,Commercial,URMasonry,1.69549E-01,1.00000E-03
2500,4.26402E+06,nonstructural,V6Z,Commercial,URMasonry,2.62777E-01,4.00000E-04
50,2.21262E-05,occupants,V6Z,Commercial,URMasonry,6.58518E-08,2.00000E-02
100,7.26888E-04,occupants,V6Z,Commercial,URMasonry,2.16336E-06,1.00000E-02
250,1.33745E-02,occupants,V6Z,Commercial,URMasonry,3.98051E-05,4.00000E-03
500,5.77219E-02,occupants,V6Z,Commercial,URMasonry,1.71791E-04,2.00000E-03
1000,1.64922E-01,occupants,V6Z,Commercial,URMasonry,4.90838E-04,1.00000E-03
2500,4.34823E-01,occupants,V6Z,Commercial,URMasonry,1.29412E-03,4.00000E-04
10,4.66289E+01,structural,V6Z,Commercial,URMasonry,4.68847E-06,1.00000E-01
25,4.06532E+03,structural,V6Z,Commercial,URMasonry,4.08763E-04,4.00000E-02
50,3.04214E+04,structural,V6Z,Commercial,URMasonry,3.05883E-03,2.00000E-02
100,1.30752E+05,structural,V6Z,Commercial,URMasonry,1.31470E-02,1.00000E-02
250,5.00259E+05,structural,V6Z,Commercial,URMasonry,5.03003E-02,4.00000E-03
500,1.00515E+06,structural,V6Z,Commercial,URMasonry,1.01067E-01,2.00000E-03
1000,1.68046E+06,structural,V6Z,Commercial,URMasonry,1.68968E-01,1.00000E-03
2500,2.72740E+06,structural,V6Z,Commercial,URMasonry,2.74237E-01,4.00000E-04
10,7.31803E-01,contents,V6Z,Commercial,Concrete,3.66582E-07,1.00000E-01
25,9.42285E+01,contents,V6Z,Commercial,Concrete,4.72018E-05,4.00000E-02
50,9.93549E+02,contents,V6Z,Commercial,Concrete,4.97698E-04,2.00000E-02
100,6.11162E+03,contents,V6Z,Commercial,Concrete,3.06149E-03,1.00000E-02
250,3.45352E+04,contents,V6Z,Commercial,Concrete,1.72997E-02,4.00000E-03
500,8.81642E+04,contents,V6Z,Commercial,Concrete,4.41641E-02,2.00000E-03
1000,1.82076E+05,contents,V6Z,Commercial,Concrete,9.12074E-02,1.00000E-03
2500,3.75048E+05,contents,V6Z,Commercial,Concrete,1.87873E-01,4.00000E-04
10,6.20489E+00,nonstructural,V6Z,Commercial,Concrete,1.71453E-06,1.00000E-01
25,4.83192E+02,nonstructural,V6Z,Commercial,Concrete,1.33515E-04,4.00000E-02
50,2.91118E+03,nonstructural,V6Z,Commercial,Concrete,8.04416E-04,2.00000E-02
100,1.16304E+04,nonstructural,V6Z,Commercial,Concrete,3.21371E-03,1.00000E-02
250,4.87296E+04,nonstructural,V6Z,Commercial,Concrete,1.34649E-02,4.00000E-03
500,1.12371E+05,nonstructural,V6Z,Commercial,Concrete,3.10502E-02,2.00000E-03
1000,2.20211E+05,nonstructural,V6Z,Commercial,Concrete,6.08487E-02,1.00000E-03
2500,4.41087E+05,nonstructural,V6Z,Commercial,Concrete,1.21881E-01,4.00000E-04
25,6.20898E-07,occupants,V6Z,Commercial,Concrete,1.48647E-08,4.00000E-02
50,3.85973E-05,occupants,V6Z,Commercial,Concrete,9.24043E-07,2.00000E-02
100,5.48619E-04,occupants,V6Z,Commercial,Concrete,1.31343E-05,1.00000E-02
250,5.89025E-03,occupants,V6Z,Commercial,Concrete,1.41016E-04,4.00000E-03
500,1.97617E-02,occupants,V6Z,Commercial,Concrete,4.73107E-04,2.00000E-03
1000,4.78336E-02,occupants,V6Z,Commercial,Concrete,1.14517E-03,1.00000E-03
2500,1.12954E-01,occupants,V6Z,Commercial,Concrete,2.70418E-03,4.00000E-04
10,1.50183E+00,structural,V6Z,Commercial,Concrete,6.77081E-07,1.00000E-01
25,1.96528E+02,structural,V6Z,Commercial,Concrete,8.86021E-05,4.00000E-02
50,1.61255E+03,structural,V6Z,Commercial,Concrete,7.26997E-04,2.00000E-02
100,7.45954E+03,structural,V6Z,Commercial,Concrete,3.36303E-03,1.00000E-02
250,3.19208E+04,structural,V6Z,Commercial,Concrete,1.43911E-02,4.00000E-03
500,7.18958E+04,structural,V6Z,Commercial,Concrete,3.24133E-02,2.00000E-03
1000,1.37837E+05,structural,V6Z,Commercial,Concrete,6.21421E-02,1.00000E-03
2500,2.72651E+05,structural,V6Z,Commercial,Concrete,1.22921E-01,4.00000E-04
25,2.64289E+00,contents,V6Z,Commercial,Steel,5.65763E-07,4.00000E-02
50,3.66716E+01,contents,V6Z,Commercial,Steel,7.85028E-06,2.00000E-02
100,3.27015E+02,contents,V6Z,Commercial,Steel,7.00039E-05,1.00000E-02
250,4.31969E+03,contents,V6Z,Commercial,Steel,9.24714E-04,4.00000E-03
500,1.94914E+04,contents,V6Z,Commercial,Steel,4.17251E-03,2.00000E-03
1000,6.44719E+04,contents,V6Z,Commercial,Steel,1.38015E-02,1.00000E-03
2500,2.08938E+05,contents,V6Z,Commercial,Steel,4.47272E-02,4.00000E-04
25,7.73825E+01,nonstructural,V6Z,Commercial,Steel,9.13760E-06,4.00000E-02
50,1.01065E+03,nonstructural,V6Z,Commercial,Steel,1.19341E-04,2.00000E-02
100,4.61067E+03,nonstructural,V6Z,Commercial,Steel,5.44445E-04,1.00000E-02
250,2.06236E+04,nonstructural,V6Z,Commercial,Steel,2.43530E-03,4.00000E-03
500,5.25557E+04,nonstructural,V6Z,Commercial,Steel,6.20597E-03,2.00000E-03
1000,1.21001E+05,nonstructural,V6Z,Commercial,Steel,1.42882E-02,1.00000E-03
2500,3.04479E+05,nonstructural,V6Z,Commercial,Steel,3.59540E-02,4.00000E-04
100,1.40457E-06,occupants,V6Z,Commercial,Steel,1.93121E-08,1.00000E-02
250,1.46533E-04,occupants,V6Z,Commercial,Steel,2.01475E-06,4.00000E-03
500,1.08862E-03,occupants,V6Z,Commercial,Steel,1.49679E-05,2.00000E-03
1000,4.81801E-03,occupants,V6Z,Commercial,Steel,6.62452E-05,1.00000E-03
2500,2.01459E-02,occupants,V6Z,Commercial,Steel,2.76996E-04,4.00000E-04
25,9.03481E+01,structural,V6Z,Commercial,Steel,1.74067E-05,4.00000E-02
50,1.74177E+03,structural,V6Z,Commercial,Steel,3.35574E-04,2.00000E-02
100,1.08279E+04,structural,V6Z,Commercial,Steel,2.08613E-03,1.00000E-02
250,5.83428E+04,structural,V6Z,Commercial,Steel,1.12405E-02,4.00000E-03
500,1.45448E+05,structural,V6Z,Commercial,Steel,2.80223E-02,2.00000E-03
1000,3.00116E+05,structural,V6Z,Commercial,Steel,5.78211E-02,1.00000E-03
2500,6.25819E+05,structural,V6Z,Commercial,Steel,1.20572E-01,4.00000E-04
25,4.79367E+00,contents,V6Z,Commercial,Wood,2.40010E-05,4.00000E-02
50,6.14319E+01,contents,V6Z,Commercial,Wood,3.07578E-04,2.00000E-02
100,4.39411E+02,contents,V6Z,Commercial,Wood,2.20005E-03,1.00000E-02
250,3.31773E+03,contents,V6Z,Commercial,Wood,1.66112E-02,4.00000E-03
500,1.01078E+04,contents,V6Z,Commercial,Wood,5.06078E-02,2.00000E-03
1000,2.29909E+04,contents,V6Z,Commercial,Wood,1.15111E-01,1.00000E-03
2500,4.89548E+04,contents,V6Z,Commercial,Wood,2.45107E-01,4.00000E-04
25,3.57235E+01,nonstructural,V6Z,Commercial,Wood,9.86620E-05,4.00000E-02
50,4.35531E+02,nonstructural,V6Z,Commercial,Wood,1.20286E-03,2.00000E-02
100,1.72727E+03,nonstructural,V6Z,Commercial,Wood,4.77040E-03,1.00000E-02
250,6.56667E+03,nonstructural,V6Z,Commercial,Wood,1.81360E-02,4.00000E-03
500,1.56632E+04,nonstructural,V6Z,Commercial,Wood,4.32591E-02,2.00000E-03
1000,3.25568E+04,nonstructural,V6Z,Commercial,Wood,8.99162E-02,1.00000E-03
2500,6.81264E+04,nonstructural,V6Z,Commercial,Wood,1.88153E-01,4.00000E-04
100,1.84878E-06,occupants,V6Z,Commercial,Wood,3.47516E-07,1.00000E-02
250,4.34303E-05,occupants,V6Z,Commercial,Wood,8.16359E-06,4.00000E-03
500,2.09184E-04,occupants,V6Z,Commercial,Wood,3.93203E-05,2.00000E-03
1000,6.78694E-04,occupants,V6Z,Commercial,Wood,1.27574E-04,1.00000E-03
2500,2.04779E-03,occupants,V6Z,Commercial,Wood,3.84923E-04,4.00000E-04
10,5.88862E+01,structural,V6Z,Commercial,Wood,2.65349E-04,1.00000E-01
25,1.88841E+03,structural,V6Z,Commercial,Wood,8.50941E-03,4.00000E-02
50,3.87977E+03,structural,V6Z,Commercial,Wood,1.74827E-02,2.00000E-02
100,5.66829E+03,structural,V6Z,Commercial,Wood,2.55421E-02,1.00000E-02
250,1.38823E+04,structural,V6Z,Commercial,Wood,6.25556E-02,4.00000E-03
500,3.04404E+04,structural,V6Z,Commercial,Wood,1.37168E-01,2.00000E-03
1000,5.87256E+04,structural,V6Z,Commercial,Wood,2.64625E-01,1.00000E-03
2500,1.07766E+05,structural,V6Z,Commercial,Wood,4.85606E-01,4.00000E-04
10,3.27012E+01,contents,V6Z,Residential-MD,URMasonry,1.17675E-04,1.00000E-01
25,1.07145E+03,contents,V6Z,Residential-MD,URMasonry,3.85563E-03,4.00000E-02
50,3.13130E+03,contents,V6Z,Residential-MD,URMasonry,1.12680E-02,2.00000E-02
100,6.14856E+03,contents,V6Z,Residential-MD,URMasonry,2.21256E-02,1.00000E-02
250,1.18609E+04,contents,V6Z,Residential-MD,URMasonry,4.26816E-02,4.00000E-03
500,1.72771E+04,contents,V6Z,Residential-MD,URMasonry,6.21718E-02,2.00000E-03
1000,2.33945E+04,contents,V6Z,Residential-MD,URMasonry,8.41854E-02,1.00000E-03
2500,3.21919E+04,contents,V6Z,Residential-MD,URMasonry,1.15843E-01,4.00000E-04
10,1.62342E+02,nonstructural,V6Z,Residential-MD,URMasonry,5.12947E-05,1.00000E-01
25,6.44664E+03,nonstructural,V6Z,Residential-MD,URMasonry,2.03692E-03,4.00000E-02
50,2.49032E+04,nonstructural,V6Z,Residential-MD,URMasonry,7.86858E-03,2.00000E-02
100,6.86091E+04,nonstructural,V6Z,Residential-MD,URMasonry,2.16782E-02,1.00000E-02
250,1.97234E+05,nonstructural,V6Z,Residential-MD,URMasonry,6.23194E-02,4.00000E-03
500,3.67020E+05,nonstructural,V6Z,Residential-MD,URMasonry,1.15966E-01,2.00000E-03
1000,6.03020E+05,nonstructural,V6Z,Residential-MD,URMasonry,1.90534E-01,1.00000E-03
2500,9.93719E+05,nonstructural,V6Z,Residential-MD,URMasonry,3.13982E-01,4.00000E-04
50,1.86219E-08,occupants,V6Z,Residential-MD,URMasonry,3.70954E-09,2.00000E-02
100,2.84218E-06,occupants,V6Z,Residential-MD,URMasonry,5.66171E-07,1.00000E-02
250,8.41421E-05,occupants,V6Z,Residential-MD,URMasonry,1.67614E-05,4.00000E-03
500,4.85222E-04,occupants,V6Z,Residential-MD,URMasonry,9.66577E-05,2.00000E-03
1000,1.77471E-03,occupants,V6Z,Residential-MD,URMasonry,3.53529E-04,1.00000E-03
2500,6.06549E-03,occupants,V6Z,Residential-MD,URMasonry,1.20826E-03,4.00000E-04
10,7.56285E-01,structural,V6Z,Residential-MD,URMasonry,1.08860E-06,1.00000E-01
25,2.21439E+02,structural,V6Z,Residential-MD,URMasonry,3.18740E-04,4.00000E-02
50,1.86547E+03,structural,V6Z,Residential-MD,URMasonry,2.68516E-03,2.00000E-02
100,8.48542E+03,structural,V6Z,Residential-MD,URMasonry,1.22139E-02,1.00000E-02
250,3.49338E+04,structural,V6Z,Residential-MD,URMasonry,5.02838E-02,4.00000E-03
500,7.47137E+04,structural,V6Z,Residential-MD,URMasonry,1.07543E-01,2.00000E-03
1000,1.32753E+05,structural,V6Z,Residential-MD,URMasonry,1.91085E-01,1.00000E-03
2500,2.31646E+05,structural,V6Z,Residential-MD,URMasonry,3.33431E-01,4.00000E-04
10,1.77881E+01,contents,V6Z,Civic,URMasonry,1.73028E-05,1.00000E-01
25,2.56040E+03,contents,V6Z,Civic,URMasonry,2.49054E-03,4.00000E-02
50,9.49506E+03,contents,V6Z,Civic,URMasonry,9.23597E-03,2.00000E-02
100,2.02503E+04,contents,V6Z,Civic,URMasonry,1.96978E-02,1.00000E-02
250,4.27507E+04,contents,V6Z,Civic,URMasonry,4.15842E-02,4.00000E-03
500,6.60311E+04,contents,V6Z,Civic,URMasonry,6.42293E-02,2.00000E-03
1000,9.34766E+04,contents,V6Z,Civic,URMasonry,9.09259E-02,1.00000E-03
2500,1.34604E+05,contents,V6Z,Civic,URMasonry,1.30931E-01,4.00000E-04
10,3.59058E+01,nonstructural,V6Z,Civic,URMasonry,6.90003E-06,1.00000E-01
25,5.96052E+03,nonstructural,V6Z,Civic,URMasonry,1.14543E-03,4.00000E-02
50,2.79203E+04,nonstructural,V6Z,Civic,URMasonry,5.36545E-03,2.00000E-02
100,8.24615E+04,nonstructural,V6Z,Civic,URMasonry,1.58466E-02,1.00000E-02
250,2.61833E+05,nonstructural,V6Z,Civic,URMasonry,5.03164E-02,4.00000E-03
500,5.29140E+05,nonstructural,V6Z,Civic,URMasonry,1.01685E-01,2.00000E-03
1000,9.35136E+05,nonstructural,V6Z,Civic,URMasonry,1.79705E-01,1.00000E-03
2500,1.66158E+06,nonstructural,V6Z,Civic,URMasonry,3.19306E-01,4.00000E-04
250,1.89198E-04,occupants,V6Z,Civic,URMasonry,2.27374E-06,4.00000E-03
500,2.40880E-03,occupants,V6Z,Civic,URMasonry,2.89485E-05,2.00000E-03
1000,1.51971E-02,occupants,V6Z,Civic,URMasonry,1.82636E-04,1.00000E-03
2500,8.37826E-02,occupants,V6Z,Civic,URMasonry,1.00688E-03,4.00000E-04
25,9.19645E+01,structural,V6Z,Civic,URMasonry,8.05096E-05,4.00000E-02
50,1.23794E+03,structural,V6Z,Civic,URMasonry,1.08375E-03,2.00000E-02
100,7.42816E+03,structural,V6Z,Civic,URMasonry,6.50292E-03,1.00000E-02
250,3.96676E+04,structural,V6Z,Civic,URMasonry,3.47267E-02,4.00000E-03
500,9.89499E+04,structural,V6Z,Civic,URMasonry,8.66249E-02,2.00000E-03
1000,1.96729E+05,structural,V6Z,Civic,URMasonry,1.72224E-01,1.00000E-03
2500,3.78739E+05,structural,V6Z,Civic,URMasonry,3.31564E-01,4.00000E-04
5,3.89610E+00,contents,*total*,*total*,*total*,5.82625E-08,2.00000E-01
10,1.12132E+04,contents,*total*,*total*,*total*,1.67683E-04,1.00000E-01
25,1.95991E+05,contents,*total*,*total*,*total*,2.93086E-03,4.00000E-02
50,5.58699E+05,contents,*total*,*total*,*total*,8.35481E-03,2.00000E-02
100,1.14510E+06,contents,*total*,*total*,*total*,1.71239E-02,1.00000E-02
250,2.31865E+06,contents,*total*,*total*,*total*,3.46731E-02,4.00000E-03
500,3.46845E+06,contents,*total*,*total*,*total*,5.18674E-02,2.00000E-03
1000,4.81138E+06,contents,*total*,*total*,*total*,7.19495E-02,1.00000E-03
2500,6.85597E+06,contents,*total*,*total*,*total*,1.02524E-01,4.00000E-04
5,6.95474E+00,nonstructural,*total*,*total*,*total*,4.64063E-08,2.00000E-01
10,1.36048E+04,nonstructural,*total*,*total*,*total*,9.07795E-05,1.00000E-01
25,2.66498E+05,nonstructural,*total*,*total*,*total*,1.77824E-03,4.00000E-02
50,9.75004E+05,nonstructural,*total*,*total*,*total*,6.50583E-03,2.00000E-02
100,2.66770E+06,nonstructural,*total*,*total*,*total*,1.78005E-02,1.00000E-02
250,7.25257E+06,nonstructural,*total*,*total*,*total*,4.83937E-02,4.00000E-03
500,1.26635E+07,nonstructural,*total*,*total*,*total*,8.44986E-02,2.00000E-03
1000,1.95760E+07,nonstructural,*total*,*total*,*total*,1.30623E-01,1.00000E-03
2500,3.06018E+07,nonstructural,*total*,*total*,*total*,2.04194E-01,4.00000E-04
25,3.16004E-05,occupants,*total*,*total*,*total*,1.51776E-08,4.00000E-02
50,1.24780E-03,occupants,*total*,*total*,*total*,5.99318E-07,2.00000E-02
100,1.64564E-02,occupants,*total*,*total*,*total*,7.90399E-06,1.00000E-02
250,1.56613E-01,occupants,*total*,*total*,*total*,7.52210E-05,4.00000E-03
500,4.71020E-01,occupants,*total*,*total*,*total*,2.26230E-04,2.00000E-03
1000,1.03810E+00,occupants,*total*,*total*,*total*,4.98600E-04,1.00000E-03
2500,2.23032E+00,occupants,*total*,*total*,*total*,1.07122E-03,4.00000E-04
5,3.15015E-03,structural,*total*,*total*,*total*,4.18553E-11,2.00000E-01
10,2.17982E+03,structural,*total*,*total*,*total*,2.89627E-05,1.00000E-01
25,5.42228E+04,structural,*total*,*total*,*total*,7.20445E-04,4.00000E-02
50,2.61132E+05,structural,*total*,*total*,*total*,3.46960E-03,2.00000E-02
100,9.48075E+05,structural,*total*,*total*,*total*,1.25968E-02,1.00000E-02
250,3.25007E+06,structural,*total*,*total*,*total*,4.31829E-02,4.00000E-03
500,6.28848E+06,structural,*total*,*total*,*total*,8.35535E-02,2.00000E-03
1000,1.04294E+07,structural,*total*,*total*,*total*,1.38573E-01,1.00000E-03
2500,1.73667E+07,structural,*total*,*total*,*total*,2.30748E-01,4.00000E-04
