#,,,,,,,,,,,,,,,,,,,,,,,,,,,,,"generated_by='OpenQuake engine 3.11.3-git29ac352f7d', start_date='2021-07-08T18:13:07', checksum=2938986221, investigation_time=1.0, risk_investigation_time=1.0"
asset_id,BldEpoch,BldgType,EqDesLev,GenOcc,GenType,LandUse,OccClass,SAC,SSC_Zone,SauidID,adauid,cdname,cduid,csdname,csduid,dauid,ername,eruid,fsauid,prname,pruid,sauid,taxonomy,lon,lat,contents,nonstructural,occupants,structural
1980842-COM3-RM1L-PC,Pre-1973,RM1L,PC,Commercial,RMasonry,RES-HD,COM3,1,SSC-2,24040883,24660143,Montréal,2466,Montréal,2466023,24663453,Montréal,2440,H3C,Quebec / Québec,24,24040883,COM3-RM1L-PC,-73.56971,45.49325,1.76563E+01,2.65189E+01,6.24805E-06,1.38735E+01
1980843-RES3D-W4-MC,2005-2016,W4,MC,Residential-HD,Wood,RES-HD,RES3D,1,SSC-2,24040883,24660143,Montréal,2466,Montréal,2466023,24663453,Montréal,2440,H3C,Quebec / Québec,24,24040883,RES3D-W4-MC,-73.56971,45.49325,1.42078E+01,1.27232E+02,3.24653E-07,1.90584E+02
1980844-RES3D-W4-LC,1990-2004,W4,LC,Residential-HD,Wood,RES-HD,RES3D,1,SSC-2,24040883,24660143,Montréal,2466,Montréal,2466023,24663453,Montréal,2440,H3C,Quebec / Québec,24,24040883,RES3D-W4-LC,-73.56971,45.49325,2.06120E+01,1.86222E+02,8.40010E-07,1.86735E+02
1980845-RES3F-C2H-LC,1990-2004,C2H,LC,Residential-HD,Concrete,RES-HD,RES3F,1,SSC-2,24040883,24660143,Montréal,2466,Montréal,2466023,24663453,Montréal,2440,H3C,Quebec / Québec,24,24040883,RES3F-C2H-LC,-73.56971,45.49325,2.18275E+01,3.80588E+02,6.20000E-06,2.68576E+02
1980846-COM3-W3-LC,1990-2004,W3,LC,Commercial,Wood,RES-HD,COM3,1,SSC-2,24040883,24660143,Montréal,2466,Montréal,2466023,24663453,Montréal,2440,H3C,Quebec / Québec,24,24040883,COM3-W3-LC,-73.56971,45.49325,1.71068E+01,2.33733E+01,9.10558E-07,6.48623E+01
1980847-COM4-URML-PC,Pre-1973,URML,PC,Commercial,URMasonry,RES-HD,COM4,1,SSC-2,24040883,24660143,Montréal,2466,Montréal,2466023,24663453,Montréal,2440,H3C,Quebec / Québec,24,24040883,COM4-URML-PC,-73.56971,45.49325,1.87634E+02,5.07088E+02,3.24317E-05,2.64845E+02
1980848-COM4-URMM-PC,1973-1989,URMM,PC,Commercial,URMasonry,RES-HD,COM4,1,SSC-2,24040883,24660143,Montréal,2466,Montréal,2466023,24663453,Montréal,2440,H3C,Quebec / Québec,24,24040883,COM4-URMM-PC,-73.56971,45.49325,4.25404E+02,1.08962E+03,1.18573E-04,5.54611E+02
1980849-RES3B-W2-PC,Pre-1973,W2,PC,Residential-MD,Wood,RES-HD,RES3B,1,SSC-2,24040883,24660143,Montréal,2466,Montréal,2466023,24663453,Montréal,2440,H3C,Quebec / Québec,24,24040883,RES3B-W2-PC,-73.56971,45.49325,1.65793E+01,1.74350E+02,6.28710E-07,1.50201E+02
1980850-REL1-W2-LC,1990-2004,W2,LC,Civic,Wood,RES-HD,REL1,1,SSC-2,24040883,24660143,Montréal,2466,Montréal,2466023,24663453,Montréal,2440,H3C,Quebec / Québec,24,24040883,REL1-W2-LC,-73.56971,45.49325,4.48947E+01,1.58320E+02,6.20000E-06,1.44282E+02
1980851-RES3B-W2-LC,1990-2004,W2,LC,Residential-MD,Wood,RES-HD,RES3B,1,SSC-2,24040883,24660143,Montréal,2466,Montréal,2466023,24663453,Montréal,2440,H3C,Quebec / Québec,24,24040883,RES3B-W2-LC,-73.56971,45.49325,2.48689E+01,2.24682E+02,6.97274E-07,2.25301E+02
1980852-COM4-S5M-PC,Pre-1973,S5M,PC,Commercial,Steel,RES-HD,COM4,1,SSC-2,24040883,24660143,Montréal,2466,Montréal,2466023,24663453,Montréal,2440,H3C,Quebec / Québec,24,24040883,COM4-S5M-PC,-73.56971,45.49325,7.94305E+01,1.55569E+02,3.02947E-05,2.47832E+02
1980853-RES3B-URML-PC,1973-1989,URML,PC,Residential-MD,URMasonry,RES-HD,RES3B,1,SSC-2,24040883,24660143,Montréal,2466,Montréal,2466023,24663453,Montréal,2440,H3C,Quebec / Québec,24,24040883,RES3B-URML-PC,-73.56971,45.49325,5.10108E+01,8.66064E+02,6.83343E-06,1.62003E+02
1980854-RES3F-C2H-PC,Pre-1973,C2H,PC,Residential-HD,Concrete,RES-HD,RES3F,1,SSC-2,24040883,24660143,Montréal,2466,Montréal,2466023,24663453,Montréal,2440,H3C,Quebec / Québec,24,24040883,RES3F-C2H-PC,-73.56971,45.49325,2.18275E+01,4.78174E+02,8.13332E-06,3.33684E+02
1980855-COM4-C3L-PC,1973-1989,C3L,PC,Commercial,Concrete,RES-HD,COM4,1,SSC-2,24040883,24660143,Montréal,2466,Montréal,2466023,24663453,Montréal,2440,H3C,Quebec / Québec,24,24040883,COM4-C3L-PC,-73.56971,45.49325,2.51771E+02,3.77256E+02,9.87048E-05,2.56096E+02
1980856-RES3C-W1-LC,1990-2004,W1,LC,Residential-MD,Wood,RES-HD,RES3C,1,SSC-2,24040883,24660143,Montréal,2466,Montréal,2466023,24663453,Montréal,2440,H3C,Quebec / Québec,24,24040883,RES3C-W1-LC,-73.56971,45.49325,1.03308E+01,9.52280E+01,1.36099E-07,5.73915E+01
1980857-RES3B-W2-MC,2005-2016,W2,MC,Residential-MD,Wood,RES-HD,RES3B,1,SSC-2,24040883,24660143,Montréal,2466,Montréal,2466023,24663453,Montréal,2440,H3C,Quebec / Québec,24,24040883,RES3B-W2-MC,-73.56971,45.49325,2.85702E+00,2.55849E+01,4.49763E-08,3.83242E+01
1980858-RES3D-W2-LC,1990-2004,W2,LC,Residential-HD,Wood,RES-HD,RES3D,1,SSC-2,24040883,24660143,Montréal,2466,Montréal,2466023,24663453,Montréal,2440,H3C,Quebec / Québec,24,24040883,RES3D-W2-LC,-73.56971,45.49325,2.06120E+01,1.86222E+02,8.40010E-07,1.86735E+02
1980859-COM5-URML-PC,1973-1989,URML,PC,Commercial,URMasonry,RES-HD,COM5,1,SSC-2,24040883,24660143,Montréal,2466,Montréal,2466023,24663453,Montréal,2440,H3C,Quebec / Québec,24,24040883,COM5-URML-PC,-73.56971,45.49325,5.58065E+01,1.50819E+02,1.65111E-05,7.87707E+01
1980860-RES3C-URML-PC,1973-1989,URML,PC,Residential-MD,URMasonry,RES-HD,RES3C,1,SSC-2,24040883,24660143,Montréal,2466,Montréal,2466023,24663453,Montréal,2440,H3C,Quebec / Québec,24,24040883,RES3C-URML-PC,-73.56971,45.49325,1.53981E+01,2.61430E+02,3.84456E-06,4.89024E+01
1980861-RES3D-W2-LC,Pre-1973,W2,LC,Residential-HD,Wood,RES-HD,RES3D,1,SSC-2,24040883,24660143,Montréal,2466,Montréal,2466023,24663453,Montréal,2440,H3C,Quebec / Québec,24,24040883,RES3D-W2-LC,-73.56971,45.49325,2.06120E+01,1.86222E+02,8.40010E-07,1.86735E+02
1980862-RES3C-W2-MC,2005-2016,W2,MC,Residential-MD,Wood,RES-HD,RES3C,1,SSC-2,24040883,24660143,Montréal,2466,Montréal,2466023,24663453,Montréal,2440,H3C,Quebec / Québec,24,24040883,RES3C-W2-MC,-73.56971,45.49325,3.44969E+00,3.08923E+01,1.01038E-07,4.62742E+01
1980863-RES3D-W2-MC,2005-2016,W2,MC,Residential-HD,Wood,RES-HD,RES3D,1,SSC-2,24040883,24660143,Montréal,2466,Montréal,2466023,24663453,Montréal,2440,H3C,Quebec / Québec,24,24040883,RES3D-W2-MC,-73.56971,45.49325,7.10392E+00,6.36162E+01,1.62168E-07,9.52920E+01
1980864-RES3B-W2-PC,1973-1989,W2,PC,Residential-MD,Wood,RES-HD,RES3B,1,SSC-2,24040883,24660143,Montréal,2466,Montréal,2466023,24663453,Montréal,2440,H3C,Quebec / Québec,24,24040883,RES3B-W2-PC,-73.56971,45.49325,8.28963E+00,8.71751E+01,3.14355E-07,7.51005E+01
1980865-COM1-W3-PC,Pre-1973,W3,PC,Commercial,Wood,RES-HD,COM1,1,SSC-2,24040883,24660143,Montréal,2466,Montréal,2466023,24663453,Montréal,2440,H3C,Quebec / Québec,24,24040883,COM1-W3-PC,-73.56971,45.49325,4.99301E+01,8.23985E+01,9.74943E-06,1.95778E+02
1980866-RES3D-W4-PC,1973-1989,W4,PC,Residential-HD,Wood,RES-HD,RES3D,1,SSC-2,24040883,24660143,Montréal,2466,Montréal,2466023,24663453,Montréal,2440,H3C,Quebec / Québec,24,24040883,RES3D-W4-PC,-73.56971,45.49325,2.06120E+01,2.16759E+02,1.13345E-06,1.86735E+02
1980867-RES3C-W2-LC,1990-2004,W2,LC,Residential-MD,Wood,RES-HD,RES3C,1,SSC-2,24040883,24660143,Montréal,2466,Montréal,2466023,24663453,Montréal,2440,H3C,Quebec / Québec,24,24040883,RES3C-W2-LC,-73.56971,45.49325,1.00092E+01,9.04303E+01,5.23366E-07,9.06794E+01
1980868-RES3D-W2-MC,2005-2016,W2,MC,Residential-HD,Wood,RES-HD,RES3D,1,SSC-2,24040883,24660143,Montréal,2466,Montréal,2466023,24663453,Montréal,2440,H3C,Quebec / Québec,24,24040883,RES3D-W2-MC,-73.56971,45.49325,1.42078E+01,1.27232E+02,3.24653E-07,1.90584E+02
1980869-RES3D-W2-LC,1990-2004,W2,LC,Residential-HD,Wood,RES-HD,RES3D,1,SSC-2,24040883,24660143,Montréal,2466,Montréal,2466023,24663453,Montréal,2440,H3C,Quebec / Québec,24,24040883,RES3D-W2-LC,-73.56971,45.49325,2.06120E+01,1.86222E+02,8.40010E-07,1.86735E+02
1980870-COM4-C2M-LC,1990-2004,C2M,LC,Commercial,Concrete,RES-HD,COM4,1,SSC-2,24040883,24660143,Montréal,2466,Montréal,2466023,24663453,Montréal,2440,H3C,Quebec / Québec,24,24040883,COM4-C2M-LC,-73.56971,45.49325,1.35906E+02,2.24492E+02,5.39937E-05,1.92861E+02
1980871-RES3C-W2-PC,1973-1989,W2,PC,Residential-MD,Wood,RES-HD,RES3C,1,SSC-2,24040883,24660143,Montréal,2466,Montréal,2466023,24663453,Montréal,2440,H3C,Quebec / Québec,24,24040883,RES3C-W2-PC,-73.56971,45.49325,1.00092E+01,1.05259E+02,7.06192E-07,9.06794E+01
1980872-RES3B-W4-LC,1990-2004,W4,LC,Residential-MD,Wood,RES-HD,RES3B,1,SSC-2,24040883,24660143,Montréal,2466,Montréal,2466023,24663453,Montréal,2440,H3C,Quebec / Québec,24,24040883,RES3B-W4-LC,-73.56971,45.49325,8.28963E+00,7.48941E+01,2.32972E-07,7.51005E+01
1980873-RES3B-URML-PC,Pre-1973,URML,PC,Residential-MD,URMasonry,RES-HD,RES3B,1,SSC-2,24040883,24660143,Montréal,2466,Montréal,2466023,24663453,Montréal,2440,H3C,Quebec / Québec,24,24040883,RES3B-URML-PC,-73.56971,45.49325,2.55054E+01,4.33032E+02,3.42274E-06,8.10017E+01
1980874-RES3D-W2-PC,Pre-1973,W2,PC,Residential-HD,Wood,RES-HD,RES3D,1,SSC-2,24040883,24660143,Montréal,2466,Montréal,2466023,24663453,Montréal,2440,H3C,Quebec / Québec,24,24040883,RES3D-W2-PC,-73.56971,45.49325,2.06120E+01,2.16759E+02,1.13345E-06,1.86735E+02
1980875-COM4-S2L-PC,Pre-1973,S2L,PC,Commercial,Steel,RES-HD,COM4,1,SSC-2,24040883,24660143,Montréal,2466,Montréal,2466023,24663453,Montréal,2440,H3C,Quebec / Québec,24,24040883,COM4-S2L-PC,-73.56971,45.49325,1.21968E+02,2.26890E+02,4.04573E-05,1.20285E+02
1980876-COM4-URMM-PC,Pre-1973,URMM,PC,Commercial,URMasonry,RES-HD,COM4,1,SSC-2,24040883,24660143,Montréal,2466,Montréal,2466023,24663453,Montréal,2440,H3C,Quebec / Québec,24,24040883,COM4-URMM-PC,-73.56971,45.49325,4.25404E+02,1.08962E+03,1.18573E-04,5.54611E+02
1980877-RES3C-W2-PC,Pre-1973,W2,PC,Residential-MD,Wood,RES-HD,RES3C,1,SSC-2,24040883,24660143,Montréal,2466,Montréal,2466023,24663453,Montréal,2440,H3C,Quebec / Québec,24,24040883,RES3C-W2-PC,-73.56971,45.49325,2.00185E+01,2.10518E+02,1.41238E-06,1.81359E+02
1980878-RES3C-W4-PC,Pre-1973,W4,PC,Residential-MD,Wood,RES-HD,RES3C,1,SSC-2,24040883,24660143,Montréal,2466,Montréal,2466023,24663453,Montréal,2440,H3C,Quebec / Québec,24,24040883,RES3C-W4-PC,-73.56971,45.49325,1.00092E+01,1.05259E+02,7.06192E-07,9.06794E+01
1928232-RES3B-W1-LC,1990-2004,W1,LC,Residential-MD,Wood,RES-HD,RES3B,1,SSC-2,24038572,24660143,Montréal,2466,Montréal,2466023,24661108,Montréal,2440,H3C,Quebec / Québec,24,24038572,RES3B-W1-LC,-73.56787,45.49171,8.28324E+00,7.64915E+01,5.81862E-08,4.65131E+01
1928233-COM3-RM1L-PC,1973-1989,RM1L,PC,Commercial,RMasonry,RES-HD,COM3,1,SSC-2,24038572,24660143,Montréal,2466,Montréal,2466023,24661108,Montréal,2440,H3C,Quebec / Québec,24,24038572,COM3-RM1L-PC,-73.56787,45.49171,3.41873E+01,5.14695E+01,1.20315E-05,2.68434E+01
1928234-RES3C-W1-LC,1973-1989,W1,LC,Residential-MD,Wood,RES-HD,RES3C,1,SSC-2,24038572,24660143,Montréal,2466,Montréal,2466023,24661108,Montréal,2440,H3C,Quebec / Québec,24,24038572,RES3C-W1-LC,-73.56787,45.49171,3.00046E+01,2.77077E+02,3.92142E-07,1.68486E+02
1928235-COM4-S4L-PC,1973-1989,S4L,PC,Commercial,Steel,RES-HD,COM4,1,SSC-2,24038572,24660143,Montréal,2466,Montréal,2466023,24661108,Montréal,2440,H3C,Quebec / Québec,24,24038572,COM4-S4L-PC,-73.56787,45.49171,1.21874E+02,2.15508E+02,3.43983E-05,1.15217E+02
1928236-COM3-URML-PC,1973-1989,URML,PC,Commercial,URMasonry,RES-HD,COM3,1,SSC-2,24038572,24660143,Montréal,2466,Montréal,2466023,24661108,Montréal,2440,H3C,Quebec / Québec,24,24038572,COM3-URML-PC,-73.56787,45.49171,5.20288E+01,1.39228E+02,1.28670E-05,7.23249E+01
1928237-RES3F-C2H-PC,1973-1989,C2H,PC,Residential-HD,Concrete,RES-HD,RES3F,1,SSC-2,24038572,24660143,Montréal,2466,Montréal,2466023,24661108,Montréal,2440,H3C,Quebec / Québec,24,24038572,RES3F-C2H-PC,-73.56787,45.49171,2.21433E+01,4.81845E+02,8.16697E-06,3.34358E+02
1928238-COM7-W3-PC,1973-1989,W3,PC,Commercial,Wood,RES-HD,COM7,1,SSC-2,24038572,24660143,Montréal,2466,Montréal,2466023,24661108,Montréal,2440,H3C,Quebec / Québec,24,24038572,COM7-W3-PC,-73.56787,45.49171,1.00183E+02,1.63927E+02,2.36476E-06,3.90443E+02
1928239-COM3-C3L-PC,Pre-1973,C3L,PC,Commercial,Concrete,RES-HD,COM3,1,SSC-2,24038572,24660143,Montréal,2466,Montréal,2466023,24661108,Montréal,2440,H3C,Quebec / Québec,24,24038572,COM3-C3L-PC,-73.56787,45.49171,1.70937E+01,2.55799E+01,9.82124E-06,1.74313E+01
1928240-RES3E-W2-PC,1973-1989,W2,PC,Residential-HD,Wood,RES-HD,RES3E,1,SSC-2,24038572,24660143,Montréal,2466,Montréal,2466023,24661108,Montréal,2440,H3C,Quebec / Québec,24,24038572,RES3E-W2-PC,-73.56787,45.49171,4.80471E+01,5.05580E+02,2.05558E-06,4.30341E+02
1928241-RES3C-W4-PC,Pre-1973,W4,PC,Residential-MD,Wood,RES-HD,RES3C,1,SSC-2,24038572,24660143,Montréal,2466,Montréal,2466023,24661108,Montréal,2440,H3C,Quebec / Québec,24,24038572,RES3C-W4-PC,-73.56787,45.49171,9.95685E+00,1.04772E+02,6.80216E-07,8.91799E+01
1928242-RES3B-URML-PC,1973-1989,URML,PC,Residential-MD,URMasonry,RES-HD,RES3B,1,SSC-2,24038572,24660143,Montréal,2466,Montréal,2466023,24661108,Montréal,2440,H3C,Quebec / Québec,24,24038572,RES3B-URML-PC,-73.56787,45.49171,6.30303E+01,1.05962E+03,8.21863E-06,1.97140E+02
1928243-RES3B-W1-LC,1973-1989,W1,LC,Residential-MD,Wood,RES-HD,RES3B,1,SSC-2,24038572,24660143,Montréal,2466,Montréal,2466023,24661108,Montréal,2440,H3C,Quebec / Québec,24,24038572,RES3B-W1-LC,-73.56787,45.49171,8.28324E+00,7.64915E+01,5.81862E-08,4.65131E+01
1928244-RES3C-W2-PC,Pre-1973,W2,PC,Residential-MD,Wood,RES-HD,RES3C,1,SSC-2,24038572,24660143,Montréal,2466,Montréal,2466023,24661108,Montréal,2440,H3C,Quebec / Québec,24,24038572,RES3C-W2-PC,-73.56787,45.49171,9.95685E+00,1.04772E+02,6.80216E-07,8.91799E+01
1928245-RES3B-W4-PC,1973-1989,W4,PC,Residential-MD,Wood,RES-HD,RES3B,1,SSC-2,24038572,24660143,Montréal,2466,Montréal,2466023,24661108,Montréal,2440,H3C,Quebec / Québec,24,24038572,RES3B-W4-PC,-73.56787,45.49171,1.64925E+01,1.73543E+02,6.05585E-07,1.47717E+02
1928246-RES3E-W4-LC,1990-2004,W4,LC,Residential-HD,Wood,RES-HD,RES3E,1,SSC-2,24038572,24660143,Montréal,2466,Montréal,2466023,24661108,Montréal,2440,H3C,Quebec / Québec,24,24038572,RES3E-W4-LC,-73.56787,45.49171,4.80471E+01,4.34346E+02,1.52161E-06,4.30341E+02
1928247-RES3C-W1-LC,Pre-1973,W1,LC,Residential-MD,Wood,RES-HD,RES3C,1,SSC-2,24038572,24660143,Montréal,2466,Montréal,2466023,24661108,Montréal,2440,H3C,Quebec / Québec,24,24038572,RES3C-W1-LC,-73.56787,45.49171,1.00015E+01,9.23590E+01,1.30714E-07,5.61619E+01
1928248-IND1-C2L-PC,1973-1989,C2L,PC,Industrial,Concrete,RES-HD,IND1,1,SSC-2,24038572,24660143,Montréal,2466,Montréal,2466023,24661108,Montréal,2440,H3C,Quebec / Québec,24,24038572,IND1-C2L-PC,-73.56787,45.49171,4.54308E+02,7.88402E+02,3.45378E-05,2.83780E+02
1928249-IND2-URML-PC,1973-1989,URML,PC,Industrial,URMasonry,RES-HD,IND2,1,SSC-2,24038572,24660143,Montréal,2466,Montréal,2466023,24661108,Montréal,2440,H3C,Quebec / Québec,24,24038572,IND2-URML-PC,-73.56787,45.49171,1.08055E+02,3.19439E+02,1.95439E-05,1.00138E+02
1928250-RES3D-W4-PC,1973-1989,W4,PC,Residential-HD,Wood,RES-HD,RES3D,1,SSC-2,24038572,24660143,Montréal,2466,Montréal,2466023,24661108,Montréal,2440,H3C,Quebec / Québec,24,24038572,RES3D-W4-PC,-73.56787,45.49171,2.05041E+01,2.15756E+02,1.09176E-06,1.83647E+02
1928251-RES3C-W4-PC,1973-1989,W4,PC,Residential-MD,Wood,RES-HD,RES3C,1,SSC-2,24038572,24660143,Montréal,2466,Montréal,2466023,24661108,Montréal,2440,H3C,Quebec / Québec,24,24038572,RES3C-W4-PC,-73.56787,45.49171,9.95685E+00,1.04772E+02,6.80216E-07,8.91799E+01
1928252-RES3B-W2-PC,Pre-1973,W2,PC,Residential-MD,Wood,RES-HD,RES3B,1,SSC-2,24038572,24660143,Montréal,2466,Montréal,2466023,24661108,Montréal,2440,H3C,Quebec / Québec,24,24038572,RES3B-W2-PC,-73.56787,45.49171,8.24624E+00,8.67717E+01,3.02792E-07,7.38586E+01
1928253-COM7-S4M-PC,1973-1989,S4M,PC,Commercial,Steel,RES-HD,COM7,1,SSC-2,24038572,24660143,Montréal,2466,Montréal,2466023,24661108,Montréal,2440,H3C,Quebec / Québec,24,24038572,COM7-S4M-PC,-73.56787,45.49171,1.22837E+02,3.19948E+02,2.22476E-05,3.72208E+02
1928254-COM4-URMM-PC,1973-1989,URMM,PC,Commercial,URMasonry,RES-HD,COM4,1,SSC-2,24038572,24660143,Montréal,2466,Montréal,2466023,24661108,Montréal,2440,H3C,Quebec / Québec,24,24038572,COM4-URMM-PC,-73.56787,45.49171,4.19872E+02,1.06516E+03,1.17042E-04,5.39059E+02
1928255-RES3B-W2-PC,1973-1989,W2,PC,Residential-MD,Wood,RES-HD,RES3B,1,SSC-2,24038572,24660143,Montréal,2466,Montréal,2466023,24661108,Montréal,2440,H3C,Quebec / Québec,24,24038572,RES3B-W2-PC,-73.56787,45.49171,1.64925E+01,1.73543E+02,6.05585E-07,1.47717E+02
1928256-RES3F-W2-PC,1973-1989,W2,PC,Residential-HD,Wood,RES-HD,RES3F,1,SSC-2,24038572,24660143,Montréal,2466,Montréal,2466023,24661108,Montréal,2440,H3C,Quebec / Québec,24,24038572,RES3F-W2-PC,-73.56787,45.49171,1.76084E+02,1.85286E+03,7.06871E-06,1.57712E+03
1928257-RES3E-C2M-PC,1973-1989,C2M,PC,Residential-HD,Concrete,RES-HD,RES3E,1,SSC-2,24038572,24660143,Montréal,2466,Montréal,2466023,24661108,Montréal,2440,H3C,Quebec / Québec,24,24038572,RES3E-C2M-PC,-73.56787,45.49171,2.18019E+01,2.55042E+02,4.10670E-06,7.52723E+01
1928258-RES3C-C2M-PC,1973-1989,C2M,PC,Residential-MD,Concrete,RES-HD,RES3C,1,SSC-2,24038572,24660143,Montréal,2466,Montréal,2466023,24661108,Montréal,2440,H3C,Quebec / Québec,24,24038572,RES3C-C2M-PC,-73.56787,45.49171,4.51803E+00,5.28526E+01,1.35896E-06,1.55988E+01
1928259-RES3C-S2L-PC,1973-1989,S2L,PC,Residential-MD,Steel,RES-HD,RES3C,1,SSC-2,24038572,24660143,Montréal,2466,Montréal,2466023,24661108,Montréal,2440,H3C,Quebec / Québec,24,24038572,RES3C-S2L-PC,-73.56787,45.49171,9.95685E+00,1.16092E+02,4.65371E-06,2.21014E+01
1928260-RES3C-W2-PC,1973-1989,W2,PC,Residential-MD,Wood,RES-HD,RES3C,1,SSC-2,24038572,24660143,Montréal,2466,Montréal,2466023,24661108,Montréal,2440,H3C,Quebec / Québec,24,24038572,RES3C-W2-PC,-73.56787,45.49171,1.99137E+01,2.09544E+02,1.36043E-06,1.78360E+02
1928261-RES3D-W2-PC,1973-1989,W2,PC,Residential-HD,Wood,RES-HD,RES3D,1,SSC-2,24038572,24660143,Montréal,2466,Montréal,2466023,24661108,Montréal,2440,H3C,Quebec / Québec,24,24038572,RES3D-W2-PC,-73.56787,45.49171,8.20163E+01,8.63023E+02,4.36916E-06,7.34589E+02
1980667-COM3-S4L-PC,1973-1989,S4L,PC,Commercial,Steel,RES-HD,COM3,1,SSC-2,24040878,24660143,Montréal,2466,Montréal,2466023,24663444,Montréal,2440,H3C,Quebec / Québec,24,24040878,COM3-S4L-PC,-73.56637,45.49290,1.69237E+01,2.98534E+01,7.02724E-06,1.59955E+01
1980668-RES3E-C2H-PC,1973-1989,C2H,PC,Residential-HD,Concrete,RES-HD,RES3E,1,SSC-2,24040878,24660143,Montréal,2466,Montréal,2466023,24663444,Montréal,2440,H3C,Quebec / Québec,24,24040878,RES3E-C2H-PC,-73.56637,45.49290,5.98260E+00,1.30561E+02,2.35525E-06,9.06811E+01
1980669-RES3B-URML-PC,1973-1989,URML,PC,Residential-MD,URMasonry,RES-HD,RES3B,1,SSC-2,24040878,24660143,Montréal,2466,Montréal,2466023,24663444,Montréal,2440,H3C,Quebec / Québec,24,24040878,RES3B-URML-PC,-73.56637,45.49290,1.25342E+01,2.10265E+02,1.62861E-06,3.90773E+01
1980670-RES3C-W4-PC,1973-1989,W4,PC,Residential-MD,Wood,RES-HD,RES3C,1,SSC-2,24040878,24660143,Montréal,2466,Montréal,2466023,24663444,Montréal,2440,H3C,Quebec / Québec,24,24040878,RES3C-W4-PC,-73.56637,45.49290,1.98083E+01,2.08447E+02,1.34585E-06,1.77319E+02
1980671-COM4-URMM-PC,1973-1989,URMM,PC,Commercial,URMasonry,RES-HD,COM4,1,SSC-2,24040878,24660143,Montréal,2466,Montréal,2466023,24663444,Montréal,2440,H3C,Quebec / Québec,24,24040878,COM4-URMM-PC,-73.56637,45.49290,8.34581E+02,2.11309E+03,2.34794E-04,1.06825E+03
1980672-RES3B-C2L-LC,1990-2004,C2L,LC,Residential-MD,Concrete,RES-HD,RES3B,1,SSC-2,24040878,24660143,Montréal,2466,Montréal,2466023,24663444,Montréal,2440,H3C,Quebec / Québec,24,24040878,RES3B-C2L-LC,-73.56637,45.49290,8.20089E+00,8.39110E+01,1.92309E-06,1.31906E+01
1980673-COM4-URML-PC,1973-1989,URML,PC,Commercial,URMasonry,RES-HD,COM4,1,SSC-2,24040878,24660143,Montréal,2466,Montréal,2466023,24663444,Montréal,2440,H3C,Quebec / Québec,24,24040878,COM4-URML-PC,-73.56637,45.49290,1.84419E+02,4.92449E+02,3.08634E-05,2.55535E+02
1980674-COM3-C3L-PC,1973-1989,C3L,PC,Commercial,Concrete,RES-HD,COM3,1,SSC-2,24040878,24660143,Montréal,2466,Montréal,2466023,24663444,Montréal,2440,H3C,Quebec / Québec,24,24040878,COM3-C3L-PC,-73.56637,45.49290,1.69237E+01,2.53228E+01,9.72400E-06,1.72578E+01
1980675-COM2-S4M-LC,1990-2004,S4M,LC,Commercial,Steel,RES-HD,COM2,1,SSC-2,24040878,24660143,Montréal,2466,Montréal,2466023,24663444,Montréal,2440,H3C,Quebec / Québec,24,24040878,COM2-S4M-LC,-73.56637,45.49290,1.88085E+01,4.05167E+01,1.01086E-05,4.85172E+01
1980676-RES3E-W2-PC,1973-1989,W2,PC,Residential-HD,Wood,RES-HD,RES3E,1,SSC-2,24040878,24660143,Montréal,2466,Montréal,2466023,24663444,Montréal,2440,H3C,Quebec / Québec,24,24040878,RES3E-W2-PC,-73.56637,45.49290,9.55856E+01,1.00587E+03,4.06920E-06,8.55661E+02
1980677-RES3C-W2-PC,1973-1989,W2,PC,Residential-MD,Wood,RES-HD,RES3C,1,SSC-2,24040878,24660143,Montréal,2466,Montréal,2466023,24663444,Montréal,2440,H3C,Quebec / Québec,24,24040878,RES3C-W2-PC,-73.56637,45.49290,1.98083E+01,2.08447E+02,1.34585E-06,1.77319E+02
1980794-COM4-RM1L-LC,1990-2004,RM1L,LC,Commercial,RMasonry,RES-MD,COM4,1,SSC-2,24040882,24660143,Montréal,2466,Montréal,2466023,24663452,Montréal,2440,H3C,Quebec / Québec,24,24040882,COM4-RM1L-LC,-73.56415,45.49705,1.02548E+02,1.43506E+02,1.99095E-05,6.57091E+01
1980795-COM4-S4L-PC,Pre-1973,S4L,PC,Commercial,Steel,RES-MD,COM4,1,SSC-2,24040882,24660143,Montréal,2466,Montréal,2466023,24663452,Montréal,2440,H3C,Quebec / Québec,24,24040882,COM4-S4L-PC,-73.56415,45.49705,1.02548E+02,1.81586E+02,2.90111E-05,9.68807E+01
1980796-COM3-RM1L-LC,1990-2004,RM1L,LC,Commercial,RMasonry,RES-MD,COM3,1,SSC-2,24040882,24660143,Montréal,2466,Montréal,2466023,24663452,Montréal,2440,H3C,Quebec / Québec,24,24040882,COM3-RM1L-LC,-73.56415,45.49705,2.87661E+01,4.00717E+01,8.21237E-06,1.84324E+01
1980797-RES3E-W2-MC,2005-2016,W2,MC,Residential-HD,Wood,RES-MD,RES3E,1,SSC-2,24040882,24660143,Montréal,2466,Montréal,2466023,24663452,Montréal,2440,H3C,Quebec / Québec,24,24040882,RES3E-W2-MC,-73.56415,45.49705,5.16767E+01,4.62580E+02,9.50363E-07,7.46296E+02
1980798-COM4-S5L-PC,1973-1989,S5L,PC,Commercial,Steel,RES-MD,COM4,1,SSC-2,24040882,24660143,Montréal,2466,Montréal,2466023,24663452,Montréal,2440,H3C,Quebec / Québec,24,24040882,COM4-S5L-PC,-73.56415,45.49705,1.02548E+02,1.42300E+02,1.96797E-05,1.02478E+02
1980799-GOV1-W2-LC,1990-2004,W2,LC,Civic,Wood,RES-MD,GOV1,1,SSC-2,24040882,24660143,Montréal,2466,Montréal,2466023,24663452,Montréal,2440,H3C,Quebec / Québec,24,24040882,GOV1-W2-LC,-73.56415,45.49705,7.88047E+01,3.01251E+02,1.14245E-05,3.05213E+02
1980800-RES3E-W2-PC,1973-1989,W2,PC,Residential-HD,Wood,RES-MD,RES3E,1,SSC-2,24040882,24660143,Montréal,2466,Montréal,2466023,24663452,Montréal,2440,H3C,Quebec / Québec,24,24040882,RES3E-W2-PC,-73.56415,45.49705,3.82096E+01,4.02592E+02,1.72127E-06,3.64909E+02
1980801-IND1-URML-PC,1973-1989,URML,PC,Industrial,URMasonry,RES-MD,IND1,1,SSC-2,24040882,24660143,Montréal,2466,Montréal,2466023,24663452,Montréal,2440,H3C,Quebec / Québec,24,24040882,IND1-URML-PC,-73.56415,45.49705,2.94221E+02,8.66104E+02,1.05554E-05,2.70804E+02
1980802-COM4-PC1-LC,1990-2004,PC1,LC,Commercial,Precast,RES-MD,COM4,1,SSC-2,24040882,24660143,Montréal,2466,Montréal,2466023,24663452,Montréal,2440,H3C,Quebec / Québec,24,24040882,COM4-PC1-LC,-73.56415,45.49705,1.02548E+02,1.50648E+02,3.93498E-05,8.59361E+01
1980803-COM4-URML-PC,1973-1989,URML,PC,Commercial,URMasonry,RES-MD,COM4,1,SSC-2,24040882,24660143,Montréal,2466,Montréal,2466023,24663452,Montréal,2440,H3C,Quebec / Québec,24,24040882,COM4-URML-PC,-73.56415,45.49705,6.31427E+02,1.68252E+03,1.04545E-04,8.71758E+02
1980804-COM3-URML-PC,1973-1989,URML,PC,Commercial,URMasonry,RES-MD,COM3,1,SSC-2,24040882,24660143,Montréal,2466,Montréal,2466023,24663452,Montréal,2440,H3C,Quebec / Québec,24,24040882,COM3-URML-PC,-73.56415,45.49705,1.10703E+02,2.94981E+02,2.69470E-05,1.52838E+02
1980805-COM1-W3-MC,2005-2016,W3,MC,Commercial,Wood,RES-MD,COM1,1,SSC-2,24040882,24660143,Montréal,2466,Montréal,2466023,24663452,Montréal,2440,H3C,Quebec / Québec,24,24040882,COM1-W3-MC,-73.56415,45.49705,1.33552E+01,1.80535E+01,1.08514E-06,8.23087E+01
1980806-COM2-C3H-PC,1973-1989,C3H,PC,Commercial,Concrete,RES-MD,COM2,1,SSC-2,24040882,24660143,Montréal,2466,Montréal,2466023,24663452,Montréal,2440,H3C,Quebec / Québec,24,24040882,COM2-C3H-PC,-73.56415,45.49705,6.57129E+00,1.93753E+01,1.76227E-05,5.71760E+01
1980807-GOV1-W2-MC,2005-2016,W2,MC,Civic,Wood,RES-MD,GOV1,1,SSC-2,24040882,24660143,Montréal,2466,Montréal,2466023,24663452,Montréal,2440,H3C,Quebec / Québec,24,24040882,GOV1-W2-MC,-73.56415,45.49705,5.32897E+01,2.01554E+02,4.27651E-06,2.93416E+02
1980808-REL1-W2-MC,2005-2016,W2,MC,Civic,Wood,RES-MD,REL1,1,SSC-2,24040882,24660143,Montréal,2466,Montréal,2466023,24663452,Montréal,2440,H3C,Quebec / Québec,24,24040882,REL1-W2-MC,-73.56415,45.49705,2.40167E+01,8.46658E+01,1.86229E-06,1.12631E+02
1980809-COM4-W3-LC,1990-2004,W3,LC,Commercial,Wood,RES-MD,COM4,1,SSC-2,24040882,24660143,Montréal,2466,Montréal,2466023,24663452,Montréal,2440,H3C,Quebec / Québec,24,24040882,COM4-W3-LC,-73.56415,45.49705,2.89462E+02,3.97404E+02,1.06294E-05,1.20540E+03
1980810-COM3-W3-LC,1990-2004,W3,LC,Commercial,Wood,RES-MD,COM3,1,SSC-2,24040882,24660143,Montréal,2466,Montréal,2466023,24663452,Montréal,2440,H3C,Quebec / Québec,24,24040882,COM3-W3-LC,-73.56415,45.49705,1.35331E+01,1.84801E+01,7.30654E-07,5.40171E+01
1980811-COM4-URMM-PC,1973-1989,URMM,PC,Commercial,URMasonry,RES-MD,COM4,1,SSC-2,24040882,24660143,Montréal,2466,Montréal,2466023,24663452,Montréal,2440,H3C,Quebec / Québec,24,24040882,COM4-URMM-PC,-73.56415,45.49705,3.57153E+02,9.01966E+02,9.00604E-05,4.55169E+02
1980812-RES3E-URMM-PC,1973-1989,URMM,PC,Residential-HD,URMasonry,RES-MD,RES3E,1,SSC-2,24040882,24660143,Montréal,2466,Montréal,2466023,24663452,Montréal,2440,H3C,Quebec / Québec,24,24040882,RES3E-URMM-PC,-73.56415,45.49705,5.74814E+01,9.11966E+02,6.62027E-06,1.64827E+02
1980813-IND2-C2L-MC,2005-2016,C2L,MC,Industrial,Concrete,RES-MD,IND2,1,SSC-2,24040882,24660143,Montréal,2466,Montréal,2466023,24663452,Montréal,2440,H3C,Quebec / Québec,24,24040882,IND2-C2L-MC,-73.56415,45.49705,2.00969E+01,3.16849E+01,3.47652E-06,1.41681E+01
1980814-COM4-C2L-MC,2005-2016,C2L,MC,Commercial,Concrete,RES-MD,COM4,1,SSC-2,24040882,24660143,Montréal,2466,Montréal,2466023,24663452,Montréal,2440,H3C,Quebec / Québec,24,24040882,COM4-C2L-MC,-73.56415,45.49705,3.44963E+01,5.54208E+01,5.54882E-06,3.64792E+01
1980815-GOV1-URML-PC,1973-1989,URML,PC,Civic,URMasonry,RES-MD,GOV1,1,SSC-2,24040882,24660143,Montréal,2466,Montréal,2466023,24663452,Montréal,2440,H3C,Quebec / Québec,24,24040882,GOV1-URML-PC,-73.56415,45.49705,1.28927E+02,9.59211E+02,8.42688E-05,1.77999E+02
1980816-COM1-RM1L-LC,1990-2004,RM1L,LC,Commercial,RMasonry,RES-MD,COM1,1,SSC-2,24040882,24660143,Montréal,2466,Montréal,2466023,24663452,Montréal,2440,H3C,Quebec / Québec,24,24040882,COM1-RM1L-LC,-73.56415,45.49705,4.19801E+01,5.84083E+01,3.25832E-05,2.68995E+01
1980817-COM4-S4L-LC,1990-2004,S4L,LC,Commercial,Steel,RES-MD,COM4,1,SSC-2,24040882,24660143,Montréal,2466,Montréal,2466023,24663452,Montréal,2440,H3C,Quebec / Québec,24,24040882,COM4-S4L-LC,-73.56415,45.49705,1.02548E+02,1.66645E+02,2.36971E-05,8.06563E+01
1980818-COM2-C3M-PC,1973-1989,C3M,PC,Commercial,Concrete,RES-MD,COM2,1,SSC-2,24040882,24660143,Montréal,2466,Montréal,2466023,24663452,Montréal,2440,H3C,Quebec / Québec,24,24040882,COM2-C3M-PC,-73.56415,45.49705,5.06894E+01,7.16548E+01,4.01339E-05,1.03537E+02
1980819-COM2-S3-LC,1990-2004,S3,LC,Commercial,Steel,RES-MD,COM2,1,SSC-2,24040882,24660143,Montréal,2466,Montréal,2466023,24663452,Montréal,2440,H3C,Quebec / Québec,24,24040882,COM2-S3-LC,-73.56415,45.49705,5.67276E+01,1.13506E+02,1.24805E-05,8.51779E+01
1980820-GOV2-W2-LC,1990-2004,W2,LC,Civic,Wood,RES-MD,GOV2,1,SSC-2,24040882,24660143,Montréal,2466,Montréal,2466023,24663452,Montréal,2440,H3C,Quebec / Québec,24,24040882,GOV2-W2-LC,-73.56415,45.49705,6.15266E+01,1.56106E+02,1.15193E-06,1.67013E+02
1980821-GOV1-W2-PC,Pre-1973,W2,PC,Civic,Wood,RES-MD,GOV1,1,SSC-2,24040882,24660143,Montréal,2466,Montréal,2466023,24663452,Montréal,2440,H3C,Quebec / Québec,24,24040882,GOV1-W2-PC,-73.56415,45.49705,7.88047E+01,3.63687E+02,1.54950E-05,3.05213E+02
1980822-COM4-C3L-PC,1973-1989,C3L,PC,Commercial,Concrete,RES-MD,COM4,1,SSC-2,24040882,24660143,Montréal,2466,Montréal,2466023,24663452,Montréal,2440,H3C,Quebec / Québec,24,24040882,COM4-C3L-PC,-73.56415,45.49705,5.12738E+02,7.70152E+02,2.00394E-04,5.22909E+02
1980823-COM4-S4L-MC,2005-2016,S4L,MC,Commercial,Steel,RES-MD,COM4,1,SSC-2,24040882,24660143,Montréal,2466,Montréal,2466023,24663452,Montréal,2440,H3C,Quebec / Québec,24,24040882,COM4-S4L-MC,-73.56415,45.49705,3.44963E+01,5.83618E+01,5.72317E-06,3.74497E+01
1980824-COM3-C3L-PC,1973-1989,C3L,PC,Commercial,Concrete,RES-MD,COM3,1,SSC-2,24040882,24660143,Montréal,2466,Montréal,2466023,24663452,Montréal,2440,H3C,Quebec / Québec,24,24040882,COM3-C3L-PC,-73.56415,45.49705,1.43830E+01,2.15217E+01,8.26474E-06,1.46684E+01
1980825-RES3E-W4-MC,2005-2016,W4,MC,Residential-HD,Wood,RES-MD,RES3E,1,SSC-2,24040882,24660143,Montréal,2466,Montréal,2466023,24663452,Montréal,2440,H3C,Quebec / Québec,24,24040882,RES3E-W4-MC,-73.56415,45.49705,2.58383E+01,2.31290E+02,4.75305E-07,3.73148E+02
1980826-COM4-W3-MC,2005-2016,W3,MC,Commercial,Wood,RES-MD,COM4,1,SSC-2,24040882,24660143,Montréal,2466,Montréal,2466023,24663452,Montréal,2440,H3C,Quebec / Québec,24,24040882,COM4-W3-MC,-73.56415,45.49705,6.52472E+01,8.86327E+01,1.32637E-06,4.07290E+02
1980827-GOV2-W2-MC,2005-2016,W2,MC,Civic,Wood,RES-MD,GOV2,1,SSC-2,24040882,24660143,Montréal,2466,Montréal,2466023,24663452,Montréal,2440,H3C,Quebec / Québec,24,24040882,GOV2-W2-MC,-73.56415,45.49705,2.08029E+01,5.20832E+01,2.15600E-07,8.34544E+01
1980828-IND1-C2L-MC,2005-2016,C2L,MC,Industrial,Concrete,RES-MD,IND1,1,SSC-2,24040882,24660143,Montréal,2466,Montréal,2466023,24663452,Montréal,2440,H3C,Quebec / Québec,24,24040882,IND1-C2L-MC,-73.56415,45.49705,1.28592E+02,2.02739E+02,4.48483E-06,9.06557E+01
1980829-COM4-S1L-MC,2005-2016,S1L,MC,Commercial,Steel,RES-MD,COM4,1,SSC-2,24040882,24660143,Montréal,2466,Montréal,2466023,24663452,Montréal,2440,H3C,Quebec / Québec,24,24040882,COM4-S1L-MC,-73.56415,45.49705,3.81522E+01,9.59636E+01,6.79137E-06,6.92576E+01
1980830-RES3E-W2-LC,1990-2004,W2,LC,Residential-HD,Wood,RES-MD,RES3E,1,SSC-2,24040882,24660143,Montréal,2466,Montréal,2466023,24663452,Montréal,2440,H3C,Quebec / Québec,24,24040882,RES3E-W2-LC,-73.56415,45.49705,3.82096E+01,3.45083E+02,1.26910E-06,3.64909E+02
1980831-COM4-C2L-LC,1990-2004,C2L,LC,Commercial,Concrete,RES-MD,COM4,1,SSC-2,24040882,24660143,Montréal,2466,Montréal,2466023,24663452,Montréal,2440,H3C,Quebec / Québec,24,24040882,COM4-C2L-LC,-73.56415,45.49705,1.02548E+02,1.63753E+02,3.09497E-05,7.31498E+01
1980832-COM4-S1L-LC,1990-2004,S1L,LC,Commercial,Steel,RES-MD,COM4,1,SSC-2,24040882,24660143,Montréal,2466,Montréal,2466023,24663452,Montréal,2440,H3C,Quebec / Québec,24,24040882,COM4-S1L-LC,-73.56415,45.49705,1.18783E+02,2.80794E+02,2.16129E-05,1.60869E+02
1980833-COM4-S2L-MC,2005-2016,S2L,MC,Commercial,Steel,RES-MD,COM4,1,SSC-2,24040882,24660143,Montréal,2466,Montréal,2466023,24663452,Montréal,2440,H3C,Quebec / Québec,24,24040882,COM4-S2L-MC,-73.56415,45.49705,3.26236E+01,5.14747E+01,4.99897E-06,3.10318E+01
1980834-COM3-C2L-LC,1990-2004,C2L,LC,Commercial,Concrete,RES-MD,COM3,1,SSC-2,24040882,24660143,Montréal,2466,Montréal,2466023,24663452,Montréal,2440,H3C,Quebec / Québec,24,24040882,COM3-C2L-LC,-73.56415,45.49705,1.43830E+01,2.28889E+01,6.38315E-06,1.02598E+01
1980835-COM2-S3-MC,2005-2016,S3,MC,Commercial,Steel,RES-MD,COM2,1,SSC-2,24040882,24660143,Montréal,2466,Montréal,2466023,24663452,Montréal,2440,H3C,Quebec / Québec,24,24040882,COM2-S3-MC,-73.56415,45.49705,1.91803E+01,4.46826E+01,3.23746E-06,4.69895E+01
1980836-COM4-RM1L-MC,2005-2016,RM1L,MC,Commercial,RMasonry,RES-MD,COM4,1,SSC-2,24040882,24660143,Montréal,2466,Montréal,2466023,24663452,Montréal,2440,H3C,Quebec / Québec,24,24040882,COM4-RM1L-MC,-73.56415,45.49705,1.37985E+02,1.89443E+02,1.62505E-05,1.39679E+02
1980837-COM3-RM1L-MC,2005-2016,RM1L,MC,Commercial,RMasonry,RES-MD,COM3,1,SSC-2,24040882,24660143,Montréal,2466,Montréal,2466023,24663452,Montréal,2440,H3C,Quebec / Québec,24,24040882,COM3-RM1L-MC,-73.56415,45.49705,9.67673E+00,1.32019E+01,1.67546E-06,9.79547E+00
1980838-REL1-RM1L-MC,2005-2016,RM1L,MC,Civic,RMasonry,RES-MD,REL1,1,SSC-2,24040882,24660143,Montréal,2466,Montréal,2466023,24663452,Montréal,2440,H3C,Quebec / Québec,24,24040882,REL1-RM1L-MC,-73.56415,45.49705,1.26977E+01,4.50426E+01,5.70412E-06,1.15681E+01
1980839-RES4-W3-MC,2005-2016,W3,MC,Residential-HD,Wood,RES-MD,RES4,1,SSC-2,24040882,24660143,Montréal,2466,Montréal,2466023,24663452,Montréal,2440,H3C,Quebec / Québec,24,24040882,RES4-W3-MC,-73.56415,45.49705,1.66893E+01,1.49367E+02,5.04872E-07,1.92906E+02
1980840-COM4-C2H-MC,2005-2016,C2H,MC,Commercial,Concrete,RES-MD,COM4,1,SSC-2,24040882,24660143,Montréal,2466,Montréal,2466023,24663452,Montréal,2440,H3C,Quebec / Québec,24,24040882,COM4-C2H-MC,-73.56415,45.49705,6.70313E+01,2.47411E+02,1.82933E-05,8.69269E+02
1980841-IND6-C3L-PC,1973-1989,C3L,PC,Industrial,Concrete,RES-MD,IND6,1,SSC-2,24040882,24660143,Montréal,2466,Montréal,2466023,24663452,Montréal,2440,H3C,Quebec / Québec,24,24040882,IND6-C3L-PC,-73.56415,45.49705,7.27966E+01,1.42664E+02,4.14577E-05,6.68166E+01
1980555-COM4-C3L-PC,1973-1989,C3L,PC,Commercial,Concrete,RES-HD,COM4,1,SSC-2,24040876,24660143,Montréal,2466,Montréal,2466023,24663442,Montréal,2440,H3C,Quebec / Québec,24,24040876,COM4-C3L-PC,-73.55647,45.49792,3.67251E+02,5.51609E+02,1.43426E-04,3.74583E+02
1980556-RES3E-S2M-MC,2005-2016,S2M,MC,Residential-HD,Steel,RES-HD,RES3E,1,SSC-2,24040876,24660143,Montréal,2466,Montréal,2466023,24663442,Montréal,2440,H3C,Quebec / Québec,24,24040876,RES3E-S2M-MC,-73.55647,45.49792,3.87965E+00,7.27488E+01,8.18267E-07,4.79229E+01
1980557-RES3E-W4-MC,2005-2016,W4,MC,Residential-HD,Wood,RES-HD,RES3E,1,SSC-2,24040876,24660143,Montréal,2466,Montréal,2466023,24663442,Montréal,2440,H3C,Quebec / Québec,24,24040876,RES3E-W4-MC,-73.55647,45.49792,3.32716E+01,2.97987E+02,5.76622E-07,4.45303E+02
1980558-COM4-PC2M-PC,1973-1989,PC2M,PC,Commercial,Precast,RES-HD,COM4,1,SSC-2,24040876,24660143,Montréal,2466,Montréal,2466023,24663442,Montréal,2440,H3C,Quebec / Québec,24,24040876,COM4-PC2M-PC,-73.55647,45.49792,1.35975E+02,2.67685E+02,9.89555E-05,2.74978E+02
1980559-COM1-URMM-PC,1973-1989,URMM,PC,Commercial,URMasonry,RES-HD,COM1,1,SSC-2,24040876,24660143,Montréal,2466,Montréal,2466023,24663442,Montréal,2440,H3C,Quebec / Québec,24,24040876,COM1-URMM-PC,-73.55647,45.49792,7.07263E+01,1.78836E+02,4.04757E-05,9.03269E+01
1980560-RES3D-W2-LC,1990-2004,W2,LC,Residential-HD,Wood,RES-HD,RES3D,1,SSC-2,24040876,24660143,Montréal,2466,Montréal,2466023,24663442,Montréal,2440,H3C,Quebec / Québec,24,24040876,RES3D-W2-LC,-73.55647,45.49792,2.06882E+01,1.86956E+02,8.06654E-07,1.85950E+02
1980561-COM4-C3M-PC,1973-1989,C3M,PC,Commercial,Concrete,RES-HD,COM4,1,SSC-2,24040876,24660143,Montréal,2466,Montréal,2466023,24663442,Montréal,2440,H3C,Quebec / Québec,24,24040876,COM4-C3M-PC,-73.55647,45.49792,1.35975E+02,1.91951E+02,8.52115E-05,2.75159E+02
1980562-COM3-RM1L-MC,2005-2016,RM1L,MC,Commercial,RMasonry,RES-HD,COM3,1,SSC-2,24040876,24660143,Montréal,2466,Montréal,2466023,24663442,Montréal,2440,H3C,Quebec / Québec,24,24040876,COM3-RM1L-MC,-73.55647,45.49792,1.15929E+01,1.58175E+01,2.03225E-06,1.17391E+01
1980563-GOV1-S4M-PC,Pre-1973,S4M,PC,Civic,Steel,RES-HD,GOV1,1,SSC-2,24040876,24660143,Montréal,2466,Montréal,2466023,24663442,Montréal,2440,H3C,Quebec / Québec,24,24040876,GOV1-S4M-PC,-73.55647,45.49792,2.63172E+01,1.94823E+02,2.61750E-05,8.03892E+01
1980564-COM4-C2L-PC,Pre-1973,C2L,PC,Commercial,Concrete,RES-HD,COM4,1,SSC-2,24040876,24660143,Montréal,2466,Montréal,2466023,24663442,Montréal,2440,H3C,Quebec / Québec,24,24040876,COM4-C2L-PC,-73.55647,45.49792,1.22417E+02,2.07068E+02,4.29122E-05,1.14668E+02
1980565-COM4-W3-MC,2005-2016,W3,MC,Commercial,Wood,RES-HD,COM4,1,SSC-2,24040876,24660143,Montréal,2466,Montréal,2466023,24663442,Montréal,2440,H3C,Quebec / Québec,24,24040876,COM4-W3-MC,-73.55647,45.49792,2.52053E+02,3.42609E+02,4.82701E-06,1.45815E+03
1980566-COM4-PC1-MC,2005-2016,PC1,MC,Commercial,Precast,RES-HD,COM4,1,SSC-2,24040876,24660143,Montréal,2466,Montréal,2466023,24663442,Montréal,2440,H3C,Quebec / Québec,24,24040876,COM4-PC1-MC,-73.55647,45.49792,8.26547E+01,1.60137E+02,2.62317E-05,1.46312E+02
1980567-COM1-URML-PC,1973-1989,URML,PC,Commercial,URMasonry,RES-HD,COM1,1,SSC-2,24040876,24660143,Montréal,2466,Montréal,2466023,24663442,Montréal,2440,H3C,Quebec / Québec,24,24040876,COM1-URML-PC,-73.55647,45.49792,7.69246E+01,2.05174E+02,5.10661E-05,1.06390E+02
1980568-COM1-W3-MC,2005-2016,W3,MC,Commercial,Wood,RES-HD,COM1,1,SSC-2,24040876,24660143,Montréal,2466,Montréal,2466023,24663442,Montréal,2440,H3C,Quebec / Québec,24,24040876,COM1-W3-MC,-73.55647,45.49792,1.71973E+01,2.32599E+01,1.31646E-06,9.82252E+01
1980569-RES3E-W2-MC,2005-2016,W2,MC,Residential-HD,Wood,RES-HD,RES3E,1,SSC-2,24040876,24660143,Montréal,2466,Montréal,2466023,24663442,Montréal,2440,H3C,Quebec / Québec,24,24040876,RES3E-W2-MC,-73.55647,45.49792,1.66358E+01,1.48994E+02,2.88162E-07,2.22651E+02
1980570-RES3E-W2-LC,1990-2004,W2,LC,Residential-HD,Wood,RES-HD,RES3E,1,SSC-2,24040876,24660143,Montréal,2466,Montréal,2466023,24663442,Montréal,2440,H3C,Quebec / Québec,24,24040876,RES3E-W2-LC,-73.55647,45.49792,4.84786E+01,4.38095E+02,1.51878E-06,4.35736E+02
1980571-RES3D-URML-PC,1973-1989,URML,PC,Residential-HD,URMasonry,RES-HD,RES3D,1,SSC-2,24040876,24660143,Montréal,2466,Montréal,2466023,24663442,Montréal,2440,H3C,Quebec / Québec,24,24040876,RES3D-URML-PC,-73.55647,45.49792,3.17557E+01,5.32101E+02,5.93683E-06,9.88185E+01
1980572-COM4-C2L-LC,1990-2004,C2L,LC,Commercial,Concrete,RES-HD,COM4,1,SSC-2,24040876,24660143,Montréal,2466,Montréal,2466023,24663442,Montréal,2440,H3C,Quebec / Québec,24,24040876,COM4-C2L-LC,-73.55647,45.49792,1.22417E+02,1.95437E+02,3.69340E-05,8.74100E+01
1980573-COM4-S2L-MC,2005-2016,S2L,MC,Commercial,Steel,RES-HD,COM4,1,SSC-2,24040876,24660143,Montréal,2466,Montréal,2466023,24663442,Montréal,2440,H3C,Quebec / Québec,24,24040876,COM4-S2L-MC,-73.55647,45.49792,4.20089E+01,6.61722E+01,6.00870E-06,4.00611E+01
1980574-COM3-C2L-LC,1990-2004,C2L,LC,Commercial,Concrete,RES-HD,COM3,1,SSC-2,24040876,24660143,Montréal,2466,Montréal,2466023,24663442,Montréal,2440,H3C,Quebec / Québec,24,24040876,COM3-C2L-LC,-73.55647,45.49792,1.71699E+01,2.73180E+01,7.61738E-06,1.22599E+01
1980575-COM2-URMM-PC,1973-1989,URMM,PC,Commercial,URMasonry,RES-HD,COM2,1,SSC-2,24040876,24660143,Montréal,2466,Montréal,2466023,24663442,Montréal,2440,H3C,Quebec / Québec,24,24040876,COM2-URMM-PC,-73.55647,45.49792,1.01575E+02,2.56838E+02,3.80769E-05,1.29725E+02
1980576-RES3F-C2M-MC,2005-2016,C2M,MC,Residential-HD,Concrete,RES-HD,RES3F,1,SSC-2,24040876,24660143,Montréal,2466,Montréal,2466023,24663442,Montréal,2440,H3C,Quebec / Québec,24,24040876,RES3F-C2M-MC,-73.55647,45.49792,2.53478E+01,2.30566E+02,2.78458E-06,9.75608E+01
1980577-COM4-C3L-PC,Pre-1973,C3L,PC,Commercial,Concrete,RES-HD,COM4,1,SSC-2,24040876,24660143,Montréal,2466,Montréal,2466023,24663442,Montréal,2440,H3C,Quebec / Québec,24,24040876,COM4-C3L-PC,-73.55647,45.49792,1.22417E+02,1.83869E+02,4.78028E-05,1.24861E+02
1980578-COM1-S2M-PC,Pre-1973,S2M,PC,Commercial,Steel,RES-HD,COM1,1,SSC-2,24040876,24660143,Montréal,2466,Montréal,2466023,24663442,Montréal,2440,H3C,Quebec / Québec,24,24040876,COM1-S2M-PC,-73.55647,45.49792,1.26725E+01,4.42048E+01,1.24669E-05,4.68525E+01
1980579-RES3D-W2-MC,2005-2016,W2,MC,Residential-HD,Wood,RES-HD,RES3D,1,SSC-2,24040876,24660143,Montréal,2466,Montréal,2466023,24663442,Montréal,2440,H3C,Quebec / Québec,24,24040876,RES3D-W2-MC,-73.55647,45.49792,7.09930E+00,6.35829E+01,1.53049E-07,9.50162E+01
1980580-COM4-C2H-LC,1990-2004,C2H,LC,Commercial,Concrete,RES-HD,COM4,1,SSC-2,24040876,24660143,Montréal,2466,Montréal,2466023,24663442,Montréal,2440,H3C,Quebec / Québec,24,24040876,COM4-C2H-LC,-73.55647,45.49792,7.08825E+02,2.04815E+03,1.56615E-04,3.75377E+03
1980581-COM4-RM1L-MC,2005-2016,RM1L,MC,Commercial,RMasonry,RES-HD,COM4,1,SSC-2,24040876,24660143,Montréal,2466,Montréal,2466023,24663442,Montréal,2440,H3C,Quebec / Québec,24,24040876,COM4-RM1L-MC,-73.55647,45.49792,4.13273E+01,5.67427E+01,4.92684E-06,4.18484E+01
1980582-COM4-S1M-MC,2005-2016,S1M,MC,Commercial,Steel,RES-HD,COM4,1,SSC-2,24040876,24660143,Montréal,2466,Montréal,2466023,24663442,Montréal,2440,H3C,Quebec / Québec,24,24040876,COM4-S1M-MC,-73.55647,45.49792,1.19786E+01,9.88332E+01,1.81478E-05,1.61757E+02
1980583-COM3-S4L-LC,1990-2004,S4L,LC,Commercial,Steel,RES-HD,COM3,1,SSC-2,24040876,24660143,Montréal,2466,Montréal,2466023,24663442,Montréal,2440,H3C,Quebec / Québec,24,24040876,COM3-S4L-LC,-73.55647,45.49792,1.71699E+01,2.78112E+01,5.83124E-06,1.35151E+01
1980584-RES3E-C2H-PC,Pre-1973,C2H,PC,Residential-HD,Concrete,RES-HD,RES3E,1,SSC-2,24040876,24660143,Montréal,2466,Montréal,2466023,24663442,Montréal,2440,H3C,Quebec / Québec,24,24040876,RES3E-C2H-PC,-73.55647,45.49792,6.37674E+00,1.37091E+02,2.46378E-06,9.41742E+01
1980585-COM4-C2M-LC,1990-2004,C2M,LC,Commercial,Concrete,RES-HD,COM4,1,SSC-2,24040876,24660143,Montréal,2466,Montréal,2466023,24663442,Montréal,2440,H3C,Quebec / Québec,24,24040876,COM4-C2M-LC,-73.55647,45.49792,1.35975E+02,2.24884E+02,5.47584E-05,1.93326E+02
1980586-RES3D-W2-PC,Pre-1973,W2,PC,Residential-HD,Wood,RES-HD,RES3D,1,SSC-2,24040876,24660143,Montréal,2466,Montréal,2466023,24663442,Montréal,2440,H3C,Quebec / Québec,24,24040876,RES3D-W2-PC,-73.55647,45.49792,4.13763E+01,4.35506E+02,2.18698E-06,3.71900E+02
1980587-COM4-RM1L-LC,1990-2004,RM1L,LC,Commercial,RMasonry,RES-HD,COM4,1,SSC-2,24040876,24660143,Montréal,2466,Montréal,2466023,24663442,Montréal,2440,H3C,Quebec / Québec,24,24040876,COM4-RM1L-LC,-73.55647,45.49792,2.44834E+02,3.42664E+02,4.75935E-05,1.57102E+02
1980588-COM4-URMM-PC,1973-1989,URMM,PC,Commercial,URMasonry,RES-HD,COM4,1,SSC-2,24040876,24660143,Montréal,2466,Montréal,2466023,24663442,Montréal,2440,H3C,Quebec / Québec,24,24040876,COM4-URMM-PC,-73.55647,45.49792,4.25101E+03,1.07489E+04,1.20531E-03,5.42911E+03
1980589-COM2-C1L-LC,1990-2004,C1L,LC,Commercial,Concrete,RES-HD,COM2,1,SSC-2,24040876,24660143,Montréal,2466,Montréal,2466023,24663442,Montréal,2440,H3C,Quebec / Québec,24,24040876,COM2-C1L-LC,-73.55647,45.49792,7.19733E+01,1.27829E+02,8.72719E-05,6.63073E+01
1980590-RES3E-W2-MC,2005-2016,W2,MC,Residential-HD,Wood,RES-HD,RES3E,1,SSC-2,24040876,24660143,Montréal,2466,Montréal,2466023,24663442,Montréal,2440,H3C,Quebec / Québec,24,24040876,RES3E-W2-MC,-73.55647,45.49792,6.65431E+01,5.95975E+02,1.15295E-06,8.90605E+02
1980591-GOV1-C2M-MC,2005-2016,C2M,MC,Civic,Concrete,RES-HD,GOV1,1,SSC-2,24040876,24660143,Montréal,2466,Montréal,2466023,24663442,Montréal,2440,H3C,Quebec / Québec,24,24040876,GOV1-C2M-MC,-73.55647,45.49792,1.42648E+01,5.50483E+01,7.28947E-06,2.44017E+01
1980592-RES3D-W2-MC,2005-2016,W2,MC,Residential-HD,Wood,RES-HD,RES3D,1,SSC-2,24040876,24660143,Montréal,2466,Montréal,2466023,24663442,Montréal,2440,H3C,Quebec / Québec,24,24040876,RES3D-W2-MC,-73.55647,45.49792,7.09930E+00,6.35829E+01,1.53049E-07,9.50162E+01
1980593-REL1-W2-MC,2005-2016,W2,MC,Civic,Wood,RES-HD,REL1,1,SSC-2,24040876,24660143,Montréal,2466,Montréal,2466023,24663442,Montréal,2440,H3C,Quebec / Québec,24,24040876,REL1-W2-MC,-73.55647,45.49792,1.54629E+01,5.44987E+01,1.12963E-06,6.72066E+01
1980594-GOV1-W2-MC,2005-2016,W2,MC,Civic,Wood,RES-HD,GOV1,1,SSC-2,24040876,24660143,Montréal,2466,Montréal,2466023,24663442,Montréal,2440,H3C,Quebec / Québec,24,24040876,GOV1-W2-MC,-73.55647,45.49792,1.02930E+02,3.89552E+02,7.78186E-06,5.25240E+02
1980595-COM4-C2M-MC,2005-2016,C2M,MC,Commercial,Concrete,RES-HD,COM4,1,SSC-2,24040876,24660143,Montréal,2466,Montréal,2466023,24663442,Montréal,2440,H3C,Quebec / Québec,24,24040876,COM4-C2M-MC,-73.55647,45.49792,4.29750E+01,5.95282E+01,1.10157E-05,7.35137E+01
1980596-RES3E-URMM-PC,1973-1989,URMM,PC,Residential-HD,URMasonry,RES-HD,RES3E,1,SSC-2,24040876,24660143,Montréal,2466,Montréal,2466023,24663442,Montréal,2440,H3C,Quebec / Québec,24,24040876,RES3E-URMM-PC,-73.55647,45.49792,6.84171E+01,1.08681E+03,8.85981E-06,1.96600E+02
1980597-RES3E-W2-LC,1990-2004,W2,LC,Residential-HD,Wood,RES-HD,RES3E,1,SSC-2,24040876,24660143,Montréal,2466,Montréal,2466023,24663442,Montréal,2440,H3C,Quebec / Québec,24,24040876,RES3E-W2-LC,-73.55647,45.49792,4.84786E+01,4.38095E+02,1.51878E-06,4.35736E+02
1980598-COM4-RM1L-PC,Pre-1973,RM1L,PC,Commercial,RMasonry,RES-HD,COM4,1,SSC-2,24040876,24660143,Montréal,2466,Montréal,2466023,24663442,Montréal,2440,H3C,Quebec / Québec,24,24040876,COM4-RM1L-PC,-73.55647,45.49792,1.22417E+02,1.85060E+02,2.92046E-05,9.59254E+01
1980599-COM1-S4L-MC,2005-2016,S4L,MC,Commercial,Steel,RES-HD,COM1,1,SSC-2,24040876,24660143,Montréal,2466,Montréal,2466023,24663442,Montréal,2440,H3C,Quebec / Québec,24,24040876,COM1-S4L-MC,-73.55647,45.49792,1.69183E+01,2.86530E+01,1.12552E-05,1.83596E+01
1980600-GOV1-RM2M-MC,2005-2016,RM2M,MC,Civic,RMasonry,RES-HD,GOV1,1,SSC-2,24040876,24660143,Montréal,2466,Montréal,2466023,24663442,Montréal,2440,H3C,Quebec / Québec,24,24040876,GOV1-RM2M-MC,-73.55647,45.49792,1.42648E+01,5.19409E+01,8.01048E-06,2.62852E+01
1980601-COM4-S2H-LC,1990-2004,S2H,LC,Commercial,Steel,RES-HD,COM4,1,SSC-2,24040876,24660143,Montréal,2466,Montréal,2466023,24663442,Montréal,2440,H3C,Quebec / Québec,24,24040876,COM4-S2H-LC,-73.55647,45.49792,1.26697E+02,8.50618E+02,5.59633E-05,1.81568E+03
1980602-COM4-S5M-PC,1973-1989,S5M,PC,Commercial,Steel,RES-HD,COM4,1,SSC-2,24040876,24660143,Montréal,2466,Montréal,2466023,24663442,Montréal,2440,H3C,Quebec / Québec,24,24040876,COM4-S5M-PC,-73.55647,45.49792,7.92843E+01,1.55731E+02,3.07496E-05,2.48824E+02
1980603-COM4-W3-LC,1990-2004,W3,LC,Commercial,Wood,RES-HD,COM4,1,SSC-2,24040876,24660143,Montréal,2466,Montréal,2466023,24663442,Montréal,2440,H3C,Quebec / Québec,24,24040876,COM4-W3-LC,-73.55647,45.49792,6.12093E+02,8.40979E+02,2.12015E-05,2.39885E+03
1980604-COM4-W3-PC,Pre-1973,W3,PC,Commercial,Wood,RES-HD,COM4,1,SSC-2,24040876,24660143,Montréal,2466,Montréal,2466023,24663442,Montréal,2440,H3C,Quebec / Québec,24,24040876,COM4-W3-PC,-73.55647,45.49792,2.44837E+02,4.04155E+02,1.14854E-05,9.59541E+02
1980605-COM3-URML-PC,Pre-1973,URML,PC,Commercial,URMasonry,RES-HD,COM3,1,SSC-2,24040876,24660143,Montréal,2466,Montréal,2466023,24663442,Montréal,2440,H3C,Quebec / Québec,24,24040876,COM3-URML-PC,-73.55647,45.49792,2.63556E+01,7.02958E+01,6.43544E-06,3.64508E+01
1980606-REL1-W2-LC,1990-2004,W2,LC,Civic,Wood,RES-HD,REL1,1,SSC-2,24040876,24660143,Montréal,2466,Montréal,2466023,24663442,Montréal,2440,H3C,Quebec / Québec,24,24040876,REL1-W2-LC,-73.55647,45.49792,4.50607E+01,1.58985E+02,5.95380E-06,1.43212E+02
1980607-IND2-URML-PC,1973-1989,URML,PC,Industrial,URMasonry,RES-HD,IND2,1,SSC-2,24040876,24660143,Montréal,2466,Montréal,2466023,24663442,Montréal,2440,H3C,Quebec / Québec,24,24040876,IND2-URML-PC,-73.55647,45.49792,3.28417E+02,9.67701E+02,5.86378E-05,3.02808E+02
1980608-COM4-C2L-MC,2005-2016,C2L,MC,Commercial,Concrete,RES-HD,COM4,1,SSC-2,24040876,24660143,Montréal,2466,Montréal,2466023,24663442,Montréal,2440,H3C,Quebec / Québec,24,24040876,COM4-C2L-MC,-73.55647,45.49792,2.89291E+02,4.64594E+02,4.69205E-05,3.05899E+02
1980609-COM4-URML-PC,1973-1989,URML,PC,Commercial,URMasonry,RES-HD,COM4,1,SSC-2,24040876,24660143,Montréal,2466,Montréal,2466023,24663442,Montréal,2440,H3C,Quebec / Québec,24,24040876,COM4-URML-PC,-73.55647,45.49792,1.50327E+03,4.00953E+03,2.49660E-04,2.07908E+03
1980610-COM3-C2L-MC,2005-2016,C2L,MC,Commercial,Concrete,RES-HD,COM3,1,SSC-2,24040876,24660143,Montréal,2466,Montréal,2466023,24663442,Montréal,2440,H3C,Quebec / Québec,24,24040876,COM3-C2L-MC,-73.55647,45.49792,5.79647E+00,9.26270E+00,1.38221E-06,6.12922E+00
1980611-COM3-URML-PC,1973-1989,URML,PC,Commercial,URMasonry,RES-HD,COM3,1,SSC-2,24040876,24660143,Montréal,2466,Montréal,2466023,24663442,Montréal,2440,H3C,Quebec / Québec,24,24040876,COM3-URML-PC,-73.55647,45.49792,1.58134E+02,4.21775E+02,3.86126E-05,2.18705E+02
1980612-COM3-W3-MC,2005-2016,W3,MC,Commercial,Wood,RES-HD,COM3,1,SSC-2,24040876,24660143,Montréal,2466,Montréal,2466023,24663442,Montréal,2440,H3C,Quebec / Québec,24,24040876,COM3-W3-MC,-73.55647,45.49792,1.17841E+01,1.59035E+01,3.31804E-07,6.35359E+01
1980613-GOV1-C1L-MC,2005-2016,C1L,MC,Civic,Concrete,RES-HD,GOV1,1,SSC-2,24040876,24660143,Montréal,2466,Montréal,2466023,24663442,Montréal,2440,H3C,Quebec / Québec,24,24040876,GOV1-C1L-MC,-73.55647,45.49792,3.43101E+01,1.74739E+02,4.06267E-05,4.40403E+01
