#,,,,,,,"generated_by='OpenQuake engine 3.11.3-git29ac352f7d', start_date='2021-06-15T08:13:42', checksum=2933677653, risk_investigation_time=1.0, kind='agg_curves-quantile-0.95'"
return_period,loss_value,loss_type,fsauid,GenOcc,GenType,loss_ratio,annual_frequency_of_exceedence
25,1.27370E+03,contents,V6B,Residential-HD,URMasonry,2.20030E-03,4.00000E-02
50,5.91979E+03,contents,V6B,Residential-HD,URMasonry,1.02264E-02,2.00000E-02
100,1.30370E+04,contents,V6B,Residential-HD,URMasonry,2.25212E-02,1.00000E-02
250,2.94809E+04,contents,V6B,Residential-HD,URMasonry,5.09278E-02,4.00000E-03
500,4.73730E+04,contents,V6B,Residential-HD,URMasonry,8.18361E-02,2.00000E-03
1000,7.05975E+04,contents,V6B,Residential-HD,URMasonry,1.21956E-01,1.00000E-03
2500,1.08163E+05,contents,V6B,Residential-HD,URMasonry,1.86850E-01,4.00000E-04
25,5.87307E+03,nonstructural,V6B,Residential-HD,URMasonry,8.90837E-04,4.00000E-02
50,3.72612E+04,nonstructural,V6B,Residential-HD,URMasonry,5.65183E-03,2.00000E-02
100,1.21272E+05,nonstructural,V6B,Residential-HD,URMasonry,1.83947E-02,1.00000E-02
250,4.43658E+05,nonstructural,V6B,Residential-HD,URMasonry,6.72947E-02,4.00000E-03
500,9.78621E+05,nonstructural,V6B,Residential-HD,URMasonry,1.48439E-01,2.00000E-03
1000,1.87977E+06,nonstructural,V6B,Residential-HD,URMasonry,2.85127E-01,1.00000E-03
2500,3.46090E+06,nonstructural,V6B,Residential-HD,URMasonry,5.24955E-01,4.00000E-04
250,2.69143E-05,occupants,V6B,Residential-HD,URMasonry,2.82714E-06,4.00000E-03
500,5.60274E-04,occupants,V6B,Residential-HD,URMasonry,5.88523E-05,2.00000E-03
1000,4.70123E-03,occupants,V6B,Residential-HD,URMasonry,4.93826E-04,1.00000E-03
2500,3.11647E-02,occupants,V6B,Residential-HD,URMasonry,3.27360E-03,4.00000E-04
25,1.04432E+01,structural,V6B,Residential-HD,URMasonry,7.21619E-06,4.00000E-02
50,1.31560E+03,structural,V6B,Residential-HD,URMasonry,9.09073E-04,2.00000E-02
100,1.07984E+04,structural,V6B,Residential-HD,URMasonry,7.46160E-03,1.00000E-02
250,7.25156E+04,structural,V6B,Residential-HD,URMasonry,5.01078E-02,4.00000E-03
500,1.97749E+05,structural,V6B,Residential-HD,URMasonry,1.36643E-01,2.00000E-03
1000,4.22398E+05,structural,V6B,Residential-HD,URMasonry,2.91875E-01,1.00000E-03
2500,8.23928E+05,structural,V6B,Residential-HD,URMasonry,5.69329E-01,4.00000E-04
25,3.71555E+00,contents,V6B,Residential-HD,Concrete,4.45724E-06,4.00000E-02
50,6.50141E+01,contents,V6B,Residential-HD,Concrete,7.79921E-05,2.00000E-02
100,6.38234E+02,contents,V6B,Residential-HD,Concrete,7.65637E-04,1.00000E-02
250,6.13089E+03,contents,V6B,Residential-HD,Concrete,7.35473E-03,4.00000E-03
500,2.04644E+04,contents,V6B,Residential-HD,Concrete,2.45495E-02,2.00000E-03
1000,4.93219E+04,contents,V6B,Residential-HD,Concrete,5.91675E-02,1.00000E-03
2500,1.12380E+05,contents,V6B,Residential-HD,Concrete,1.34813E-01,4.00000E-04
25,4.26933E+02,nonstructural,V6B,Residential-HD,Concrete,4.49699E-05,4.00000E-02
50,5.46629E+03,nonstructural,V6B,Residential-HD,Concrete,5.75778E-04,2.00000E-02
100,2.44114E+04,nonstructural,V6B,Residential-HD,Concrete,2.57131E-03,1.00000E-02
250,1.07900E+05,nonstructural,V6B,Residential-HD,Concrete,1.13654E-02,4.00000E-03
500,2.72708E+05,nonstructural,V6B,Residential-HD,Concrete,2.87250E-02,2.00000E-03
1000,5.79991E+05,nonstructural,V6B,Residential-HD,Concrete,6.10918E-02,1.00000E-03
2500,1.28211E+06,nonstructural,V6B,Residential-HD,Concrete,1.35048E-01,4.00000E-04
100,5.92872E-05,occupants,V6B,Residential-HD,Concrete,4.06634E-06,1.00000E-02
250,1.44069E-03,occupants,V6B,Residential-HD,Concrete,9.88128E-05,4.00000E-03
500,6.28610E-03,occupants,V6B,Residential-HD,Concrete,4.31145E-04,2.00000E-03
1000,1.67542E-02,occupants,V6B,Residential-HD,Concrete,1.14912E-03,1.00000E-03
2500,3.74786E-02,occupants,V6B,Residential-HD,Concrete,2.57055E-03,4.00000E-04
25,1.55633E+01,structural,V6B,Residential-HD,Concrete,7.46800E-06,4.00000E-02
50,7.75687E+02,structural,V6B,Residential-HD,Concrete,3.72212E-04,2.00000E-02
100,6.86340E+03,structural,V6B,Residential-HD,Concrete,3.29338E-03,1.00000E-02
250,4.71534E+04,structural,V6B,Residential-HD,Concrete,2.26265E-02,4.00000E-03
500,1.31026E+05,structural,V6B,Residential-HD,Concrete,6.28724E-02,2.00000E-03
1000,2.91176E+05,structural,V6B,Residential-HD,Concrete,1.39720E-01,1.00000E-03
2500,6.73452E+05,structural,V6B,Residential-HD,Concrete,3.23154E-01,4.00000E-04
25,1.22234E+05,contents,V6B,Commercial,URMasonry,3.69099E-03,4.00000E-02
50,3.76627E+05,contents,V6B,Commercial,URMasonry,1.13726E-02,2.00000E-02
100,7.81089E+05,contents,V6B,Commercial,URMasonry,2.35858E-02,1.00000E-02
250,1.60205E+06,contents,V6B,Commercial,URMasonry,4.83756E-02,4.00000E-03
500,2.43550E+06,contents,V6B,Commercial,URMasonry,7.35423E-02,2.00000E-03
1000,3.43294E+06,contents,V6B,Commercial,URMasonry,1.03661E-01,1.00000E-03
2500,5.05225E+06,contents,V6B,Commercial,URMasonry,1.52558E-01,4.00000E-04
25,1.14419E+05,nonstructural,V6B,Commercial,URMasonry,1.90582E-03,4.00000E-02
50,4.62981E+05,nonstructural,V6B,Commercial,URMasonry,7.71164E-03,2.00000E-02
100,1.40791E+06,nonstructural,V6B,Commercial,URMasonry,2.34508E-02,1.00000E-02
250,4.46878E+06,nonstructural,V6B,Commercial,URMasonry,7.44343E-02,4.00000E-03
500,8.80979E+06,nonstructural,V6B,Commercial,URMasonry,1.46740E-01,2.00000E-03
1000,1.51730E+07,nonstructural,V6B,Commercial,URMasonry,2.52729E-01,1.00000E-03
2500,2.63039E+07,nonstructural,V6B,Commercial,URMasonry,4.38130E-01,4.00000E-04
100,1.96224E-03,occupants,V6B,Commercial,URMasonry,1.72149E-06,1.00000E-02
250,7.00618E-02,occupants,V6B,Commercial,URMasonry,6.14658E-05,4.00000E-03
500,3.42497E-01,occupants,V6B,Commercial,URMasonry,3.00475E-04,2.00000E-03
1000,1.00025E+00,occupants,V6B,Commercial,URMasonry,8.77530E-04,1.00000E-03
2500,2.78674E+00,occupants,V6B,Commercial,URMasonry,2.44483E-03,4.00000E-04
25,7.73100E+03,structural,V6B,Commercial,URMasonry,2.10101E-04,4.00000E-02
50,8.98784E+04,structural,V6B,Commercial,URMasonry,2.44257E-03,2.00000E-02
100,4.93579E+05,structural,V6B,Commercial,URMasonry,1.34137E-02,1.00000E-02
250,2.30295E+06,structural,V6B,Commercial,URMasonry,6.25860E-02,4.00000E-03
500,5.17504E+06,structural,V6B,Commercial,URMasonry,1.40639E-01,2.00000E-03
1000,9.60506E+06,structural,V6B,Commercial,URMasonry,2.61031E-01,1.00000E-03
2500,1.74787E+07,structural,V6B,Commercial,URMasonry,4.75008E-01,4.00000E-04
25,1.00244E+02,contents,V6B,Commercial,Concrete,2.02347E-05,4.00000E-02
50,1.85315E+03,contents,V6B,Commercial,Concrete,3.74067E-04,2.00000E-02
100,1.77451E+04,contents,V6B,Commercial,Concrete,3.58194E-03,1.00000E-02
250,1.22862E+05,contents,V6B,Commercial,Concrete,2.48004E-02,4.00000E-03
500,3.26616E+05,contents,V6B,Commercial,Concrete,6.59291E-02,2.00000E-03
1000,6.69146E+05,contents,V6B,Commercial,Concrete,1.35070E-01,1.00000E-03
2500,1.29439E+06,contents,V6B,Commercial,Concrete,2.61279E-01,4.00000E-04
25,1.04216E+03,nonstructural,V6B,Commercial,Concrete,1.16040E-04,4.00000E-02
50,7.16862E+03,nonstructural,V6B,Commercial,Concrete,7.98196E-04,2.00000E-02
100,3.37463E+04,nonstructural,V6B,Commercial,Concrete,3.75750E-03,1.00000E-02
250,1.64085E+05,nonstructural,V6B,Commercial,Concrete,1.82702E-02,4.00000E-03
500,3.97613E+05,nonstructural,V6B,Commercial,Concrete,4.42725E-02,2.00000E-03
1000,7.94620E+05,nonstructural,V6B,Commercial,Concrete,8.84776E-02,1.00000E-03
2500,1.57299E+06,nonstructural,V6B,Commercial,Concrete,1.75146E-01,4.00000E-04
50,4.71000E-05,occupants,V6B,Commercial,Concrete,3.45257E-07,2.00000E-02
100,1.42458E-03,occupants,V6B,Commercial,Concrete,1.04426E-05,1.00000E-02
250,2.48083E-02,occupants,V6B,Commercial,Concrete,1.81852E-04,4.00000E-03
500,9.17231E-02,occupants,V6B,Commercial,Concrete,6.72358E-04,2.00000E-03
1000,2.25092E-01,occupants,V6B,Commercial,Concrete,1.64999E-03,1.00000E-03
2500,4.65656E-01,occupants,V6B,Commercial,Concrete,3.41340E-03,4.00000E-04
25,4.44096E+02,structural,V6B,Commercial,Concrete,8.06787E-05,4.00000E-02
50,4.80562E+03,structural,V6B,Commercial,Concrete,8.73034E-04,2.00000E-02
100,2.61468E+04,structural,V6B,Commercial,Concrete,4.75007E-03,1.00000E-02
250,1.18430E+05,structural,V6B,Commercial,Concrete,2.15152E-02,4.00000E-03
500,2.66667E+05,structural,V6B,Commercial,Concrete,4.84452E-02,2.00000E-03
1000,5.10345E+05,structural,V6B,Commercial,Concrete,9.27141E-02,1.00000E-03
2500,1.01499E+06,structural,V6B,Commercial,Concrete,1.84393E-01,4.00000E-04
25,4.46186E+01,contents,V6B,Commercial,Steel,2.27748E-05,4.00000E-02
50,7.53894E+02,contents,V6B,Commercial,Steel,3.84812E-04,2.00000E-02
100,6.50855E+03,contents,V6B,Commercial,Steel,3.32217E-03,1.00000E-02
250,5.19273E+04,contents,V6B,Commercial,Steel,2.65054E-02,4.00000E-03
500,1.48883E+05,contents,V6B,Commercial,Steel,7.59946E-02,2.00000E-03
1000,3.16892E+05,contents,V6B,Commercial,Steel,1.61752E-01,1.00000E-03
2500,6.54956E+05,contents,V6B,Commercial,Steel,3.34311E-01,4.00000E-04
25,2.49733E+02,nonstructural,V6B,Commercial,Steel,7.03152E-05,4.00000E-02
50,2.05885E+03,nonstructural,V6B,Commercial,Steel,5.79692E-04,2.00000E-02
100,1.07329E+04,nonstructural,V6B,Commercial,Steel,3.02197E-03,1.00000E-02
250,6.09274E+04,nonstructural,V6B,Commercial,Steel,1.71548E-02,4.00000E-03
500,1.60758E+05,nonstructural,V6B,Commercial,Steel,4.52631E-02,2.00000E-03
1000,3.38318E+05,nonstructural,V6B,Commercial,Steel,9.52571E-02,1.00000E-03
2500,7.15225E+05,nonstructural,V6B,Commercial,Steel,2.01379E-01,4.00000E-04
50,1.04979E-05,occupants,V6B,Commercial,Steel,1.54290E-07,2.00000E-02
100,4.74819E-04,occupants,V6B,Commercial,Steel,6.97853E-06,1.00000E-02
250,7.65496E-03,occupants,V6B,Commercial,Steel,1.12507E-04,4.00000E-03
500,2.96716E-02,occupants,V6B,Commercial,Steel,4.36090E-04,2.00000E-03
1000,7.40937E-02,occupants,V6B,Commercial,Steel,1.08897E-03,1.00000E-03
2500,1.65858E-01,occupants,V6B,Commercial,Steel,2.43765E-03,4.00000E-04
25,2.08490E+02,structural,V6B,Commercial,Steel,9.57778E-05,4.00000E-02
50,2.11771E+03,structural,V6B,Commercial,Steel,9.72852E-04,2.00000E-02
100,1.12081E+04,structural,V6B,Commercial,Steel,5.14886E-03,1.00000E-02
250,5.34630E+04,structural,V6B,Commercial,Steel,2.45603E-02,4.00000E-03
500,1.25951E+05,structural,V6B,Commercial,Steel,5.78603E-02,2.00000E-03
1000,2.46889E+05,structural,V6B,Commercial,Steel,1.13418E-01,1.00000E-03
2500,5.00424E+05,structural,V6B,Commercial,Steel,2.29889E-01,4.00000E-04
50,2.07487E+02,contents,V6B,Commercial,Wood,2.72383E-04,2.00000E-02
100,1.91738E+03,contents,V6B,Commercial,Wood,2.51707E-03,1.00000E-02
250,1.77804E+04,contents,V6B,Commercial,Wood,2.33416E-02,4.00000E-03
500,6.03769E+04,contents,V6B,Commercial,Wood,7.92610E-02,2.00000E-03
1000,1.44342E+05,contents,V6B,Commercial,Wood,1.89488E-01,1.00000E-03
2500,3.25080E+05,contents,V6B,Commercial,Wood,4.26756E-01,4.00000E-04
50,1.87279E+03,nonstructural,V6B,Commercial,Wood,1.35616E-03,2.00000E-02
100,7.89481E+03,nonstructural,V6B,Commercial,Wood,5.71696E-03,1.00000E-02
250,3.28943E+04,nonstructural,V6B,Commercial,Wood,2.38201E-02,4.00000E-03
500,8.78718E+04,nonstructural,V6B,Commercial,Wood,6.36316E-02,2.00000E-03
1000,1.98670E+05,nonstructural,V6B,Commercial,Wood,1.43865E-01,1.00000E-03
2500,4.61259E+05,nonstructural,V6B,Commercial,Wood,3.34017E-01,4.00000E-04
250,5.78149E-04,occupants,V6B,Commercial,Wood,1.21588E-05,4.00000E-03
500,3.45821E-03,occupants,V6B,Commercial,Wood,7.27278E-05,2.00000E-03
1000,1.28058E-02,occupants,V6B,Commercial,Wood,2.69313E-04,1.00000E-03
2500,4.28370E-02,occupants,V6B,Commercial,Wood,9.00883E-04,4.00000E-04
25,8.95418E+03,structural,V6B,Commercial,Wood,1.05793E-02,4.00000E-02
50,1.66365E+04,structural,V6B,Commercial,Wood,1.96559E-02,2.00000E-02
100,2.38458E+04,structural,V6B,Commercial,Wood,2.81737E-02,1.00000E-02
250,6.89807E+04,structural,V6B,Commercial,Wood,8.15002E-02,4.00000E-03
500,1.72589E+05,structural,V6B,Commercial,Wood,2.03913E-01,2.00000E-03
1000,3.51955E+05,structural,V6B,Commercial,Wood,4.15832E-01,1.00000E-03
2500,6.28247E+05,structural,V6B,Commercial,Wood,7.42269E-01,4.00000E-04
25,1.43936E+00,contents,V6B,Commercial,RMasonry,7.20661E-06,4.00000E-02
50,3.82928E+01,contents,V6B,Commercial,RMasonry,1.91725E-04,2.00000E-02
100,3.92609E+02,contents,V6B,Commercial,RMasonry,1.96572E-03,1.00000E-02
250,3.92857E+03,contents,V6B,Commercial,RMasonry,1.96696E-02,4.00000E-03
500,1.36621E+04,contents,V6B,Commercial,RMasonry,6.84033E-02,2.00000E-03
1000,3.36630E+04,contents,V6B,Commercial,RMasonry,1.68544E-01,1.00000E-03
2500,7.84203E+04,contents,V6B,Commercial,RMasonry,3.92636E-01,4.00000E-04
25,7.62205E+00,nonstructural,V6B,Commercial,RMasonry,2.10507E-05,4.00000E-02
50,2.87129E+02,nonstructural,V6B,Commercial,RMasonry,7.93000E-04,2.00000E-02
100,1.34939E+03,nonstructural,V6B,Commercial,RMasonry,3.72679E-03,1.00000E-02
250,6.76100E+03,nonstructural,V6B,Commercial,RMasonry,1.86727E-02,4.00000E-03
500,1.89312E+04,nonstructural,V6B,Commercial,RMasonry,5.22847E-02,2.00000E-03
1000,4.38164E+04,nonstructural,V6B,Commercial,RMasonry,1.21013E-01,1.00000E-03
2500,1.03887E+05,nonstructural,V6B,Commercial,RMasonry,2.86917E-01,4.00000E-04
100,5.32000E-06,occupants,V6B,Commercial,RMasonry,1.00000E-06,1.00000E-02
250,2.39513E-04,occupants,V6B,Commercial,RMasonry,4.50213E-05,4.00000E-03
500,1.84343E-03,occupants,V6B,Commercial,RMasonry,3.46509E-04,2.00000E-03
1000,7.58905E-03,occupants,V6B,Commercial,RMasonry,1.42651E-03,1.00000E-03
2500,2.60732E-02,occupants,V6B,Commercial,RMasonry,4.90097E-03,4.00000E-04
25,2.33323E-02,structural,V6B,Commercial,RMasonry,1.05138E-07,4.00000E-02
50,2.59102E+01,structural,V6B,Commercial,RMasonry,1.16754E-04,2.00000E-02
100,3.04929E+02,structural,V6B,Commercial,RMasonry,1.37405E-03,1.00000E-02
250,2.83041E+03,structural,V6B,Commercial,RMasonry,1.27542E-02,4.00000E-03
500,9.23016E+03,structural,V6B,Commercial,RMasonry,4.15923E-02,2.00000E-03
1000,2.31542E+04,structural,V6B,Commercial,RMasonry,1.04336E-01,1.00000E-03
2500,5.97932E+04,structural,V6B,Commercial,RMasonry,2.69436E-01,4.00000E-04
25,1.81903E+04,contents,V6B,Industrial,URMasonry,3.69994E-03,4.00000E-02
50,5.98748E+04,contents,V6B,Industrial,URMasonry,1.21786E-02,2.00000E-02
100,1.21537E+05,contents,V6B,Industrial,URMasonry,2.47209E-02,1.00000E-02
250,2.48794E+05,contents,V6B,Industrial,URMasonry,5.06051E-02,4.00000E-03
500,3.77432E+05,contents,V6B,Industrial,URMasonry,7.67704E-02,2.00000E-03
1000,5.32168E+05,contents,V6B,Industrial,URMasonry,1.08244E-01,1.00000E-03
2500,7.80338E+05,contents,V6B,Industrial,URMasonry,1.58722E-01,4.00000E-04
25,1.77340E+04,nonstructural,V6B,Industrial,URMasonry,1.80110E-03,4.00000E-02
50,7.95313E+04,nonstructural,V6B,Industrial,URMasonry,8.07733E-03,2.00000E-02
100,2.41511E+05,nonstructural,V6B,Industrial,URMasonry,2.45283E-02,1.00000E-02
250,7.87580E+05,nonstructural,V6B,Industrial,URMasonry,7.99879E-02,4.00000E-03
500,1.57663E+06,nonstructural,V6B,Industrial,URMasonry,1.60125E-01,2.00000E-03
1000,2.76668E+06,nonstructural,V6B,Industrial,URMasonry,2.80988E-01,1.00000E-03
2500,4.78476E+06,nonstructural,V6B,Industrial,URMasonry,4.85948E-01,4.00000E-04
100,2.79831E-05,occupants,V6B,Industrial,URMasonry,4.74934E-07,1.00000E-02
250,1.84351E-03,occupants,V6B,Industrial,URMasonry,3.12884E-05,4.00000E-03
500,1.39334E-02,occupants,V6B,Industrial,URMasonry,2.36481E-04,2.00000E-03
1000,5.63994E-02,occupants,V6B,Industrial,URMasonry,9.57220E-04,1.00000E-03
2500,1.85831E-01,occupants,V6B,Industrial,URMasonry,3.15395E-03,4.00000E-04
25,6.31909E+02,structural,V6B,Industrial,URMasonry,1.73517E-04,4.00000E-02
50,8.76970E+03,structural,V6B,Industrial,URMasonry,2.40809E-03,2.00000E-02
100,5.02184E+04,structural,V6B,Industrial,URMasonry,1.37896E-02,1.00000E-02
250,2.47437E+05,structural,V6B,Industrial,URMasonry,6.79445E-02,4.00000E-03
500,5.66477E+05,structural,V6B,Industrial,URMasonry,1.55550E-01,2.00000E-03
1000,1.07113E+06,structural,V6B,Industrial,URMasonry,2.94124E-01,1.00000E-03
2500,1.94087E+06,structural,V6B,Industrial,URMasonry,5.32949E-01,4.00000E-04
50,3.34903E+02,contents,V6B,Industrial,Wood,2.72383E-04,2.00000E-02
100,3.09482E+03,contents,V6B,Industrial,Wood,2.51708E-03,1.00000E-02
250,2.86992E+04,contents,V6B,Industrial,Wood,2.33416E-02,4.00000E-03
500,9.74539E+04,contents,V6B,Industrial,Wood,7.92610E-02,2.00000E-03
1000,2.32981E+05,contents,V6B,Industrial,Wood,1.89488E-01,1.00000E-03
2500,5.24710E+05,contents,V6B,Industrial,Wood,4.26756E-01,4.00000E-04
50,3.54671E+03,nonstructural,V6B,Industrial,Wood,1.44033E-03,2.00000E-02
100,1.41905E+04,nonstructural,V6B,Industrial,Wood,5.76277E-03,1.00000E-02
250,5.29989E+04,nonstructural,V6B,Industrial,Wood,2.15230E-02,4.00000E-03
500,1.34640E+05,nonstructural,V6B,Industrial,Wood,5.46776E-02,2.00000E-03
1000,3.03144E+05,nonstructural,V6B,Industrial,Wood,1.23107E-01,1.00000E-03
2500,7.25595E+05,nonstructural,V6B,Industrial,Wood,2.94666E-01,4.00000E-04
250,1.29977E-04,occupants,V6B,Industrial,Wood,1.21588E-05,4.00000E-03
500,7.77461E-04,occupants,V6B,Industrial,Wood,7.27278E-05,2.00000E-03
1000,2.87896E-03,occupants,V6B,Industrial,Wood,2.69313E-04,1.00000E-03
2500,9.63044E-03,occupants,V6B,Industrial,Wood,9.00883E-04,4.00000E-04
25,1.23205E+04,structural,V6B,Industrial,Wood,1.35277E-02,4.00000E-02
50,2.25506E+04,structural,V6B,Industrial,Wood,2.47601E-02,2.00000E-02
100,3.05279E+04,structural,V6B,Industrial,Wood,3.35190E-02,1.00000E-02
250,7.82099E+04,structural,V6B,Industrial,Wood,8.58728E-02,4.00000E-03
500,1.88377E+05,structural,V6B,Industrial,Wood,2.06834E-01,2.00000E-03
1000,3.79939E+05,structural,V6B,Industrial,Wood,4.17165E-01,1.00000E-03
2500,6.76080E+05,structural,V6B,Industrial,Wood,7.42321E-01,4.00000E-04
25,3.01680E+02,contents,V6B,Residential-MD,URMasonry,2.93078E-03,4.00000E-02
50,1.24372E+03,contents,V6B,Residential-MD,URMasonry,1.20826E-02,2.00000E-02
100,2.56922E+03,contents,V6B,Residential-MD,URMasonry,2.49596E-02,1.00000E-02
250,5.40828E+03,contents,V6B,Residential-MD,URMasonry,5.25409E-02,4.00000E-03
500,8.34804E+03,contents,V6B,Residential-MD,URMasonry,8.11003E-02,2.00000E-03
1000,1.19323E+04,contents,V6B,Residential-MD,URMasonry,1.15921E-01,1.00000E-03
2500,1.77961E+04,contents,V6B,Residential-MD,URMasonry,1.72887E-01,4.00000E-04
25,1.38581E+03,nonstructural,V6B,Residential-MD,URMasonry,1.18212E-03,4.00000E-02
50,8.37072E+03,nonstructural,V6B,Residential-MD,URMasonry,7.14034E-03,2.00000E-02
100,2.63312E+04,nonstructural,V6B,Residential-MD,URMasonry,2.24609E-02,1.00000E-02
250,9.15047E+04,nonstructural,V6B,Residential-MD,URMasonry,7.80548E-02,4.00000E-03
500,1.95940E+05,nonstructural,V6B,Residential-MD,URMasonry,1.67140E-01,2.00000E-03
1000,3.58267E+05,nonstructural,V6B,Residential-MD,URMasonry,3.05607E-01,1.00000E-03
2500,6.35264E+05,nonstructural,V6B,Residential-MD,URMasonry,5.41889E-01,4.00000E-04
250,1.41303E-05,occupants,V6B,Residential-MD,URMasonry,1.05450E-05,4.00000E-03
500,1.67432E-04,occupants,V6B,Residential-MD,URMasonry,1.24949E-04,2.00000E-03
1000,9.76164E-04,occupants,V6B,Residential-MD,URMasonry,7.28481E-04,1.00000E-03
2500,4.83340E-03,occupants,V6B,Residential-MD,URMasonry,3.60701E-03,4.00000E-04
25,3.73545E+00,structural,V6B,Residential-MD,URMasonry,1.45158E-05,4.00000E-02
50,3.87142E+02,structural,V6B,Residential-MD,URMasonry,1.50442E-03,2.00000E-02
100,2.76202E+03,structural,V6B,Residential-MD,URMasonry,1.07331E-02,1.00000E-02
250,1.62417E+04,structural,V6B,Residential-MD,URMasonry,6.31144E-02,4.00000E-03
500,4.15497E+04,structural,V6B,Residential-MD,URMasonry,1.61460E-01,2.00000E-03
1000,8.27318E+04,structural,V6B,Residential-MD,URMasonry,3.21492E-01,1.00000E-03
2500,1.53827E+05,structural,V6B,Residential-MD,URMasonry,5.97765E-01,4.00000E-04
25,1.06400E+03,contents,V6B,Civic,URMasonry,2.06389E-03,4.00000E-02
50,5.16888E+03,contents,V6B,Civic,URMasonry,1.00263E-02,2.00000E-02
100,1.14392E+04,contents,V6B,Civic,URMasonry,2.21891E-02,1.00000E-02
250,2.58000E+04,contents,V6B,Civic,URMasonry,5.00455E-02,4.00000E-03
500,4.14236E+04,contents,V6B,Civic,URMasonry,8.03513E-02,2.00000E-03
1000,6.10141E+04,contents,V6B,Civic,URMasonry,1.18352E-01,1.00000E-03
2500,9.36034E+04,contents,V6B,Civic,URMasonry,1.81567E-01,4.00000E-04
25,1.95639E+03,nonstructural,V6B,Civic,URMasonry,8.33025E-04,4.00000E-02
50,1.28996E+04,nonstructural,V6B,Civic,URMasonry,5.49264E-03,2.00000E-02
100,4.22151E+04,nonstructural,V6B,Civic,URMasonry,1.79751E-02,1.00000E-02
250,1.53560E+05,nonstructural,V6B,Civic,URMasonry,6.53856E-02,4.00000E-03
500,3.37998E+05,nonstructural,V6B,Civic,URMasonry,1.43919E-01,2.00000E-03
1000,6.38536E+05,nonstructural,V6B,Civic,URMasonry,2.71888E-01,1.00000E-03
2500,1.18873E+06,nonstructural,V6B,Civic,URMasonry,5.06159E-01,4.00000E-04
250,9.93970E-05,occupants,V6B,Civic,URMasonry,2.74274E-06,4.00000E-03
500,2.00717E-03,occupants,V6B,Civic,URMasonry,5.53855E-05,2.00000E-03
1000,1.72941E-02,occupants,V6B,Civic,URMasonry,4.77210E-04,1.00000E-03
2500,1.17134E-01,occupants,V6B,Civic,URMasonry,3.23218E-03,4.00000E-04
25,2.99334E+00,structural,V6B,Civic,URMasonry,5.80631E-06,4.00000E-02
50,4.41235E+02,structural,V6B,Civic,URMasonry,8.55883E-04,2.00000E-02
100,3.70579E+03,structural,V6B,Civic,URMasonry,7.18830E-03,1.00000E-02
250,2.48532E+04,structural,V6B,Civic,URMasonry,4.82090E-02,4.00000E-03
500,6.78592E+04,structural,V6B,Civic,URMasonry,1.31630E-01,2.00000E-03
1000,1.42607E+05,structural,V6B,Civic,URMasonry,2.76622E-01,1.00000E-03
2500,2.82329E+05,structural,V6B,Civic,URMasonry,5.47647E-01,4.00000E-04
25,1.64039E+03,contents,V6Z,Residential-HD,URMasonry,2.83375E-03,4.00000E-02
50,6.92704E+03,contents,V6Z,Residential-HD,URMasonry,1.19664E-02,2.00000E-02
100,1.43212E+04,contents,V6Z,Residential-HD,URMasonry,2.47396E-02,1.00000E-02
250,2.97514E+04,contents,V6Z,Residential-HD,URMasonry,5.13951E-02,4.00000E-03
500,4.58911E+04,contents,V6Z,Residential-HD,URMasonry,7.92762E-02,2.00000E-03
1000,6.58462E+04,contents,V6Z,Residential-HD,URMasonry,1.13748E-01,1.00000E-03
2500,9.83484E+04,contents,V6Z,Residential-HD,URMasonry,1.69895E-01,4.00000E-04
25,7.52074E+03,nonstructural,V6Z,Residential-HD,URMasonry,1.14076E-03,4.00000E-02
50,4.64098E+04,nonstructural,V6Z,Residential-HD,URMasonry,7.03951E-03,2.00000E-02
100,1.45940E+05,nonstructural,V6Z,Residential-HD,URMasonry,2.21364E-02,1.00000E-02
250,4.95577E+05,nonstructural,V6Z,Residential-HD,URMasonry,7.51699E-02,4.00000E-03
500,1.05889E+06,nonstructural,V6Z,Residential-HD,URMasonry,1.60614E-01,2.00000E-03
1000,1.95462E+06,nonstructural,V6Z,Residential-HD,URMasonry,2.96479E-01,1.00000E-03
2500,3.49691E+06,nonstructural,V6Z,Residential-HD,URMasonry,5.30418E-01,4.00000E-04
250,8.55511E-05,occupants,V6Z,Residential-HD,URMasonry,8.98646E-06,4.00000E-03
500,1.05158E-03,occupants,V6Z,Residential-HD,URMasonry,1.10460E-04,2.00000E-03
1000,6.36597E-03,occupants,V6Z,Residential-HD,URMasonry,6.68694E-04,1.00000E-03
2500,3.23374E-02,occupants,V6Z,Residential-HD,URMasonry,3.39679E-03,4.00000E-04
25,1.87567E+01,structural,V6Z,Residential-HD,URMasonry,1.29608E-05,4.00000E-02
50,2.12053E+03,structural,V6Z,Residential-HD,URMasonry,1.46528E-03,2.00000E-02
100,1.51813E+04,structural,V6Z,Residential-HD,URMasonry,1.04902E-02,1.00000E-02
250,8.69916E+04,structural,V6Z,Residential-HD,URMasonry,6.01106E-02,4.00000E-03
500,2.22943E+05,structural,V6Z,Residential-HD,URMasonry,1.54052E-01,2.00000E-03
1000,4.49856E+05,structural,V6Z,Residential-HD,URMasonry,3.10848E-01,1.00000E-03
2500,8.45788E+05,structural,V6Z,Residential-HD,URMasonry,5.84434E-01,4.00000E-04
25,3.58335E+04,contents,V6Z,Commercial,URMasonry,4.00335E-03,4.00000E-02
50,1.02523E+05,contents,V6Z,Commercial,URMasonry,1.14539E-02,2.00000E-02
100,2.11468E+05,contents,V6Z,Commercial,URMasonry,2.36253E-02,1.00000E-02
250,4.23122E+05,contents,V6Z,Commercial,URMasonry,4.72715E-02,4.00000E-03
500,6.25308E+05,contents,V6Z,Commercial,URMasonry,6.98599E-02,2.00000E-03
1000,8.58666E+05,contents,V6Z,Commercial,URMasonry,9.59307E-02,1.00000E-03
2500,1.23735E+06,contents,V6Z,Commercial,URMasonry,1.38237E-01,4.00000E-04
25,3.31710E+04,nonstructural,V6Z,Commercial,URMasonry,2.04422E-03,4.00000E-02
50,1.33123E+05,nonstructural,V6Z,Commercial,URMasonry,8.20390E-03,2.00000E-02
100,4.00523E+05,nonstructural,V6Z,Commercial,URMasonry,2.46829E-02,1.00000E-02
250,1.23623E+06,nonstructural,V6Z,Commercial,URMasonry,7.61843E-02,4.00000E-03
500,2.33098E+06,nonstructural,V6Z,Commercial,URMasonry,1.43650E-01,2.00000E-03
1000,3.76957E+06,nonstructural,V6Z,Commercial,URMasonry,2.32306E-01,1.00000E-03
2500,6.10248E+06,nonstructural,V6Z,Commercial,URMasonry,3.76075E-01,4.00000E-04
100,5.03774E-04,occupants,V6Z,Commercial,URMasonry,1.49933E-06,1.00000E-02
250,1.93940E-02,occupants,V6Z,Commercial,URMasonry,5.77202E-05,4.00000E-03
500,1.03506E-01,occupants,V6Z,Commercial,URMasonry,3.08052E-04,2.00000E-03
1000,3.16317E-01,occupants,V6Z,Commercial,URMasonry,9.41421E-04,1.00000E-03
2500,9.08270E-01,occupants,V6Z,Commercial,URMasonry,2.70318E-03,4.00000E-04
25,2.47330E+03,structural,V6Z,Commercial,URMasonry,2.48687E-04,4.00000E-02
50,2.80137E+04,structural,V6Z,Commercial,URMasonry,2.81674E-03,2.00000E-02
100,1.49280E+05,structural,V6Z,Commercial,URMasonry,1.50099E-02,1.00000E-02
250,6.54538E+05,structural,V6Z,Commercial,URMasonry,6.58129E-02,4.00000E-03
500,1.39333E+06,structural,V6Z,Commercial,URMasonry,1.40097E-01,2.00000E-03
1000,2.39547E+06,structural,V6Z,Commercial,URMasonry,2.40861E-01,1.00000E-03
2500,4.00960E+06,structural,V6Z,Commercial,URMasonry,4.03160E-01,4.00000E-04
25,5.52323E+01,contents,V6Z,Commercial,Concrete,2.76675E-05,4.00000E-02
50,8.10552E+02,contents,V6Z,Commercial,Concrete,4.06030E-04,2.00000E-02
100,6.40904E+03,contents,V6Z,Commercial,Concrete,3.21048E-03,1.00000E-02
250,4.76969E+04,contents,V6Z,Commercial,Concrete,2.38928E-02,4.00000E-03
500,1.33327E+05,contents,V6Z,Commercial,Concrete,6.67875E-02,2.00000E-03
1000,2.99316E+05,contents,V6Z,Commercial,Concrete,1.49936E-01,1.00000E-03
2500,6.70796E+05,contents,V6Z,Commercial,Concrete,3.36022E-01,4.00000E-04
25,3.49798E+02,nonstructural,V6Z,Commercial,Concrete,9.66560E-05,4.00000E-02
50,2.79255E+03,nonstructural,V6Z,Commercial,Concrete,7.71637E-04,2.00000E-02
100,1.29107E+04,nonstructural,V6Z,Commercial,Concrete,3.56747E-03,1.00000E-02
250,6.49052E+04,nonstructural,V6Z,Commercial,Concrete,1.79346E-02,4.00000E-03
500,1.64944E+05,nonstructural,V6Z,Commercial,Concrete,4.55773E-02,2.00000E-03
1000,3.52988E+05,nonstructural,V6Z,Commercial,Concrete,9.75373E-02,1.00000E-03
2500,7.91870E+05,nonstructural,V6Z,Commercial,Concrete,2.18809E-01,4.00000E-04
50,1.57561E-05,occupants,V6Z,Commercial,Concrete,3.77211E-07,2.00000E-02
100,4.93736E-04,occupants,V6Z,Commercial,Concrete,1.18204E-05,1.00000E-02
250,8.49141E-03,occupants,V6Z,Commercial,Concrete,2.03290E-04,4.00000E-03
500,3.28165E-02,occupants,V6Z,Commercial,Concrete,7.85649E-04,2.00000E-03
1000,8.48255E-02,occupants,V6Z,Commercial,Concrete,2.03077E-03,1.00000E-03
2500,2.24483E-01,occupants,V6Z,Commercial,Concrete,5.37425E-03,4.00000E-04
25,1.12802E+02,structural,V6Z,Commercial,Concrete,5.08552E-05,4.00000E-02
50,1.43971E+03,structural,V6Z,Commercial,Concrete,6.49076E-04,2.00000E-02
100,8.39262E+03,structural,V6Z,Commercial,Concrete,3.78370E-03,1.00000E-02
250,4.24829E+04,structural,V6Z,Commercial,Concrete,1.91528E-02,4.00000E-03
500,1.04414E+05,structural,V6Z,Commercial,Concrete,4.70735E-02,2.00000E-03
1000,2.17812E+05,structural,V6Z,Commercial,Concrete,9.81975E-02,1.00000E-03
2500,4.95257E+05,structural,V6Z,Commercial,Concrete,2.23280E-01,4.00000E-04
50,3.02213E+01,contents,V6Z,Commercial,Steel,6.46947E-06,2.00000E-02
100,3.37787E+02,contents,V6Z,Commercial,Steel,7.23099E-05,1.00000E-02
250,6.26986E+03,contents,V6Z,Commercial,Steel,1.34219E-03,4.00000E-03
500,3.50798E+04,contents,V6Z,Commercial,Steel,7.50952E-03,2.00000E-03
1000,1.33728E+05,contents,V6Z,Commercial,Steel,2.86270E-02,1.00000E-03
2500,5.21439E+05,contents,V6Z,Commercial,Steel,1.11624E-01,4.00000E-04
50,1.01979E+03,nonstructural,V6Z,Commercial,Steel,1.20420E-04,2.00000E-02
100,5.20101E+03,nonstructural,V6Z,Commercial,Steel,6.14153E-04,1.00000E-02
250,2.73314E+04,nonstructural,V6Z,Commercial,Steel,3.22739E-03,4.00000E-03
500,8.03424E+04,nonstructural,V6Z,Commercial,Steel,9.48712E-03,2.00000E-03
1000,2.14187E+05,nonstructural,V6Z,Commercial,Steel,2.52920E-02,1.00000E-03
2500,6.70906E+05,nonstructural,V6Z,Commercial,Steel,7.92229E-02,4.00000E-04
250,1.94197E-04,occupants,V6Z,Commercial,Steel,2.67011E-06,4.00000E-03
500,1.95956E-03,occupants,V6Z,Commercial,Steel,2.69429E-05,2.00000E-03
1000,1.10574E-02,occupants,V6Z,Commercial,Steel,1.52034E-04,1.00000E-03
2500,5.82086E-02,occupants,V6Z,Commercial,Steel,8.00338E-04,4.00000E-04
50,1.52373E+03,structural,V6Z,Commercial,Steel,2.93566E-04,2.00000E-02
100,1.19497E+04,structural,V6Z,Commercial,Steel,2.30226E-03,1.00000E-02
250,7.87161E+04,structural,V6Z,Commercial,Steel,1.51656E-02,4.00000E-03
500,2.16821E+05,structural,V6Z,Commercial,Steel,4.17733E-02,2.00000E-03
1000,4.84644E+05,structural,V6Z,Commercial,Steel,9.33729E-02,1.00000E-03
2500,1.15075E+06,structural,V6Z,Commercial,Steel,2.21706E-01,4.00000E-04
50,5.44242E+01,contents,V6Z,Commercial,Wood,2.72492E-04,2.00000E-02
100,5.01778E+02,contents,V6Z,Commercial,Wood,2.51231E-03,1.00000E-02
250,4.66128E+03,contents,V6Z,Commercial,Wood,2.33381E-02,4.00000E-03
500,1.59220E+04,contents,V6Z,Commercial,Wood,7.97183E-02,2.00000E-03
1000,3.83432E+04,contents,V6Z,Commercial,Wood,1.91977E-01,1.00000E-03
2500,8.58371E+04,contents,V6Z,Commercial,Wood,4.29770E-01,4.00000E-04
50,4.67174E+02,nonstructural,V6Z,Commercial,Wood,1.29025E-03,2.00000E-02
100,1.99348E+03,nonstructural,V6Z,Commercial,Wood,5.50563E-03,1.00000E-02
250,8.52138E+03,nonstructural,V6Z,Commercial,Wood,2.35345E-02,4.00000E-03
500,2.31697E+04,nonstructural,V6Z,Commercial,Wood,6.39905E-02,2.00000E-03
1000,5.30128E+04,nonstructural,V6Z,Commercial,Wood,1.46412E-01,1.00000E-03
2500,1.22385E+05,nonstructural,V6Z,Commercial,Wood,3.38005E-01,4.00000E-04
250,6.02471E-05,occupants,V6Z,Commercial,Wood,1.13246E-05,4.00000E-03
500,3.62284E-04,occupants,V6Z,Commercial,Wood,6.80984E-05,2.00000E-03
1000,1.35368E-03,occupants,V6Z,Commercial,Wood,2.54451E-04,1.00000E-03
2500,4.69614E-03,occupants,V6Z,Commercial,Wood,8.82734E-04,4.00000E-04
25,2.16312E+03,structural,V6Z,Commercial,Wood,9.74731E-03,4.00000E-02
50,4.07223E+03,structural,V6Z,Commercial,Wood,1.83500E-02,2.00000E-02
100,5.93441E+03,structural,V6Z,Commercial,Wood,2.67412E-02,1.00000E-02
250,1.73215E+04,structural,V6Z,Commercial,Wood,7.80530E-02,4.00000E-03
500,4.35687E+04,structural,V6Z,Commercial,Wood,1.96326E-01,2.00000E-03
1000,8.95377E+04,structural,V6Z,Commercial,Wood,4.03468E-01,1.00000E-03
2500,1.63336E+05,structural,V6Z,Commercial,Wood,7.36012E-01,4.00000E-04
25,1.04620E+03,contents,V6Z,Residential-MD,URMasonry,3.76475E-03,4.00000E-02
50,3.35688E+03,contents,V6Z,Residential-MD,URMasonry,1.20798E-02,2.00000E-02
100,6.80941E+03,contents,V6Z,Residential-MD,URMasonry,2.45037E-02,1.00000E-02
250,1.38124E+04,contents,V6Z,Residential-MD,URMasonry,4.97039E-02,4.00000E-03
500,2.08576E+04,contents,V6Z,Residential-MD,URMasonry,7.50563E-02,2.00000E-03
1000,2.93222E+04,contents,V6Z,Residential-MD,URMasonry,1.05516E-01,1.00000E-03
2500,4.30318E+04,contents,V6Z,Residential-MD,URMasonry,1.54850E-01,4.00000E-04
25,5.78623E+03,nonstructural,V6Z,Residential-MD,URMasonry,1.82826E-03,4.00000E-02
50,2.54621E+04,nonstructural,V6Z,Residential-MD,URMasonry,8.04516E-03,2.00000E-02
100,7.70192E+04,nonstructural,V6Z,Residential-MD,URMasonry,2.43355E-02,1.00000E-02
250,2.47326E+05,nonstructural,V6Z,Residential-MD,URMasonry,7.81467E-02,4.00000E-03
500,4.93734E+05,nonstructural,V6Z,Residential-MD,URMasonry,1.56003E-01,2.00000E-03
1000,8.60102E+05,nonstructural,V6Z,Residential-MD,URMasonry,2.71764E-01,1.00000E-03
2500,1.48323E+06,nonstructural,V6Z,Residential-MD,URMasonry,4.68652E-01,4.00000E-04
100,9.22729E-07,occupants,V6Z,Residential-MD,URMasonry,1.83811E-07,1.00000E-02
250,1.12622E-04,occupants,V6Z,Residential-MD,URMasonry,2.24347E-05,4.00000E-03
500,8.98140E-04,occupants,V6Z,Residential-MD,URMasonry,1.78912E-04,2.00000E-03
1000,3.92689E-03,occupants,V6Z,Residential-MD,URMasonry,7.82248E-04,1.00000E-03
2500,1.63001E-02,occupants,V6Z,Residential-MD,URMasonry,3.24704E-03,4.00000E-04
25,1.18812E+02,structural,V6Z,Residential-MD,URMasonry,1.71019E-04,4.00000E-02
50,1.64901E+03,structural,V6Z,Residential-MD,URMasonry,2.37359E-03,2.00000E-02
100,9.48785E+03,structural,V6Z,Residential-MD,URMasonry,1.36568E-02,1.00000E-02
250,4.60370E+04,structural,V6Z,Residential-MD,URMasonry,6.62657E-02,4.00000E-03
500,1.05400E+05,structural,V6Z,Residential-MD,URMasonry,1.51713E-01,2.00000E-03
1000,1.97392E+05,structural,V6Z,Residential-MD,URMasonry,2.84127E-01,1.00000E-03
2500,3.56725E+05,structural,V6Z,Residential-MD,URMasonry,5.13472E-01,4.00000E-04
25,2.04217E+03,contents,V6Z,Civic,URMasonry,1.98645E-03,4.00000E-02
50,1.01989E+04,contents,V6Z,Civic,URMasonry,9.92064E-03,2.00000E-02
100,2.25916E+04,contents,V6Z,Civic,URMasonry,2.19751E-02,1.00000E-02
250,5.02270E+04,contents,V6Z,Civic,URMasonry,4.88565E-02,4.00000E-03
500,8.05853E+04,contents,V6Z,Civic,URMasonry,7.83864E-02,2.00000E-03
1000,1.19215E+05,contents,V6Z,Civic,URMasonry,1.15962E-01,1.00000E-03
2500,1.83236E+05,contents,V6Z,Civic,URMasonry,1.78236E-01,4.00000E-04
25,4.16814E+03,nonstructural,V6Z,Civic,URMasonry,8.00992E-04,4.00000E-02
50,2.81692E+04,nonstructural,V6Z,Civic,URMasonry,5.41328E-03,2.00000E-02
100,9.21302E+04,nonstructural,V6Z,Civic,URMasonry,1.77047E-02,1.00000E-02
250,3.27287E+05,nonstructural,V6Z,Civic,URMasonry,6.28948E-02,4.00000E-03
500,7.18432E+05,nonstructural,V6Z,Civic,URMasonry,1.38061E-01,2.00000E-03
1000,1.36995E+06,nonstructural,V6Z,Civic,URMasonry,2.63264E-01,1.00000E-03
2500,2.57216E+06,nonstructural,V6Z,Civic,URMasonry,4.94293E-01,4.00000E-04
250,2.22180E-04,occupants,V6Z,Civic,URMasonry,2.67011E-06,4.00000E-03
500,4.49301E-03,occupants,V6Z,Civic,URMasonry,5.39961E-05,2.00000E-03
1000,3.99567E-02,occupants,V6Z,Civic,URMasonry,4.80191E-04,1.00000E-03
2500,2.76665E-01,occupants,V6Z,Civic,URMasonry,3.32490E-03,4.00000E-04
25,5.92194E+00,structural,V6Z,Civic,URMasonry,5.18432E-06,4.00000E-02
50,9.50383E+02,structural,V6Z,Civic,URMasonry,8.32005E-04,2.00000E-02
100,8.00985E+03,structural,V6Z,Civic,URMasonry,7.01216E-03,1.00000E-02
250,5.22795E+04,structural,V6Z,Civic,URMasonry,4.57677E-02,4.00000E-03
500,1.42972E+05,structural,V6Z,Civic,URMasonry,1.25164E-01,2.00000E-03
1000,3.04672E+05,structural,V6Z,Civic,URMasonry,2.66723E-01,1.00000E-03
2500,6.09927E+05,structural,V6Z,Civic,URMasonry,5.33955E-01,4.00000E-04
25,2.02885E+05,contents,*total*,*total*,*total*,3.03395E-03,4.00000E-02
50,5.95354E+05,contents,*total*,*total*,*total*,8.90294E-03,2.00000E-02
100,1.27655E+06,contents,*total*,*total*,*total*,1.90896E-02,1.00000E-02
250,2.75392E+06,contents,*total*,*total*,*total*,4.11822E-02,4.00000E-03
500,4.29634E+06,contents,*total*,*total*,*total*,6.42476E-02,2.00000E-03
1000,6.23467E+06,contents,*total*,*total*,*total*,9.32335E-02,1.00000E-03
2500,9.59842E+06,contents,*total*,*total*,*total*,1.43535E-01,4.00000E-04
25,2.52885E+05,nonstructural,*total*,*total*,*total*,1.68741E-03,4.00000E-02
50,1.00454E+06,nonstructural,*total*,*total*,*total*,6.70294E-03,2.00000E-02
100,3.03410E+06,nonstructural,*total*,*total*,*total*,2.02454E-02,1.00000E-02
250,9.17526E+06,nonstructural,*total*,*total*,*total*,6.12231E-02,4.00000E-03
500,1.67405E+07,nonstructural,*total*,*total*,*total*,1.11703E-01,2.00000E-03
1000,2.72596E+07,nonstructural,*total*,*total*,*total*,1.81893E-01,1.00000E-03
2500,4.50681E+07,nonstructural,*total*,*total*,*total*,3.00722E-01,4.00000E-04
50,5.46164E-04,occupants,*total*,*total*,*total*,2.62322E-07,2.00000E-02
100,1.56108E-02,occupants,*total*,*total*,*total*,7.49782E-06,1.00000E-02
250,2.34799E-01,occupants,*total*,*total*,*total*,1.12774E-04,4.00000E-03
500,7.72208E-01,occupants,*total*,*total*,*total*,3.70890E-04,2.00000E-03
1000,1.79352E+00,occupants,*total*,*total*,*total*,8.61426E-04,1.00000E-03
2500,4.32712E+00,occupants,*total*,*total*,*total*,2.07831E-03,4.00000E-04
25,4.92952E+04,structural,*total*,*total*,*total*,6.54973E-04,4.00000E-02
50,2.52064E+05,structural,*total*,*total*,*total*,3.34911E-03,2.00000E-02
100,1.09555E+06,structural,*total*,*total*,*total*,1.45564E-02,1.00000E-02
250,4.27369E+06,structural,*total*,*total*,*total*,5.67834E-02,4.00000E-03
500,8.67222E+06,structural,*total*,*total*,*total*,1.15226E-01,2.00000E-03
1000,1.51529E+07,structural,*total*,*total*,*total*,2.01333E-01,1.00000E-03
2500,2.65636E+07,structural,*total*,*total*,*total*,3.52944E-01,4.00000E-04
