#,,,,,,,"generated_by='OpenQuake engine 3.12.0-gitf8d01fc', start_date='2021-04-26T19:36:09', checksum=1546346122, risk_investigation_time=1.0, kind='agg_curves-mean'"
return_period,loss_value,loss_type,nation,SS_Region,prname,loss_ratio,annual_frequency_of_exceedence
5,1.91952E+06,contents,Canada,West,British Columbia / Colombie-Britannique,9.23707E-06,2.00000E-01
10,1.12539E+07,contents,Canada,West,British Columbia / Colombie-Britannique,5.41557E-05,1.00000E-01
25,5.77400E+07,contents,Canada,West,British Columbia / Colombie-Britannique,2.77855E-04,4.00000E-02
50,1.76829E+08,contents,Canada,West,British Columbia / Colombie-Britannique,8.50934E-04,2.00000E-02
100,5.02792E+08,contents,Canada,West,British Columbia / Colombie-Britannique,2.41953E-03,1.00000E-02
250,1.56768E+09,contents,Canada,West,British Columbia / Colombie-Britannique,7.54395E-03,4.00000E-03
500,2.87988E+09,contents,Canada,West,British Columbia / Colombie-Britannique,1.38585E-02,2.00000E-03
1000,4.54714E+09,contents,Canada,West,British Columbia / Colombie-Britannique,2.18816E-02,1.00000E-03
2500,6.80373E+09,contents,Canada,West,British Columbia / Colombie-Britannique,3.27407E-02,4.00000E-04
5,4.98169E+06,nonstructural,Canada,West,British Columbia / Colombie-Britannique,5.56558E-06,2.00000E-01
10,3.14998E+07,nonstructural,Canada,West,British Columbia / Colombie-Britannique,3.51918E-05,1.00000E-01
25,2.08183E+08,nonstructural,Canada,West,British Columbia / Colombie-Britannique,2.32584E-04,4.00000E-02
50,7.24697E+08,nonstructural,Canada,West,British Columbia / Colombie-Britannique,8.09637E-04,2.00000E-02
100,2.15251E+09,nonstructural,Canada,West,British Columbia / Colombie-Britannique,2.40480E-03,1.00000E-02
250,6.72500E+09,nonstructural,Canada,West,British Columbia / Colombie-Britannique,7.51322E-03,4.00000E-03
500,1.22041E+10,nonstructural,Canada,West,British Columbia / Colombie-Britannique,1.36345E-02,2.00000E-03
1000,1.90081E+10,nonstructural,Canada,West,British Columbia / Colombie-Britannique,2.12360E-02,1.00000E-03
2500,2.82503E+10,nonstructural,Canada,West,British Columbia / Colombie-Britannique,3.15615E-02,4.00000E-04
5,8.84113E-03,occupants,Canada,West,British Columbia / Colombie-Britannique,1.93171E-09,2.00000E-01
10,1.86827E-01,occupants,Canada,West,British Columbia / Colombie-Britannique,4.08201E-08,1.00000E-01
25,2.75705E+00,occupants,Canada,West,British Columbia / Colombie-Britannique,6.02392E-07,4.00000E-02
50,1.34492E+01,occupants,Canada,West,British Columbia / Colombie-Britannique,2.93853E-06,2.00000E-02
100,5.44677E+01,occupants,Canada,West,British Columbia / Colombie-Britannique,1.19008E-05,1.00000E-02
250,2.22077E+02,occupants,Canada,West,British Columbia / Colombie-Britannique,4.85220E-05,4.00000E-03
500,4.50874E+02,occupants,Canada,West,British Columbia / Colombie-Britannique,9.85122E-05,2.00000E-03
1000,7.48717E+02,occupants,Canada,West,British Columbia / Colombie-Britannique,1.63589E-04,1.00000E-03
2500,1.22646E+03,occupants,Canada,West,British Columbia / Colombie-Britannique,2.67971E-04,4.00000E-04
5,2.98674E+07,structural,Canada,West,British Columbia / Colombie-Britannique,9.49869E-05,2.00000E-01
10,1.41159E+08,structural,Canada,West,British Columbia / Colombie-Britannique,4.48927E-04,1.00000E-01
25,5.14597E+08,structural,Canada,West,British Columbia / Colombie-Britannique,1.63657E-03,4.00000E-02
50,1.12065E+09,structural,Canada,West,British Columbia / Colombie-Britannique,3.56398E-03,2.00000E-02
100,2.28158E+09,structural,Canada,West,British Columbia / Colombie-Britannique,7.25607E-03,1.00000E-02
250,5.38784E+09,structural,Canada,West,British Columbia / Colombie-Britannique,1.71349E-02,4.00000E-03
500,8.93107E+09,structural,Canada,West,British Columbia / Colombie-Britannique,2.84033E-02,2.00000E-03
1000,1.31551E+10,structural,Canada,West,British Columbia / Colombie-Britannique,4.18370E-02,1.00000E-03
2500,1.93460E+10,structural,Canada,West,British Columbia / Colombie-Britannique,6.15256E-02,4.00000E-04
10,7.77656E+02,contents,Canada,West,Alberta,5.46828E-09,1.00000E-01
25,1.06075E+05,contents,Canada,West,Alberta,7.45889E-07,4.00000E-02
50,7.33892E+05,contents,Canada,West,Alberta,5.16054E-06,2.00000E-02
100,3.30296E+06,contents,Canada,West,Alberta,2.32256E-05,1.00000E-02
250,1.65243E+07,contents,Canada,West,Alberta,1.16194E-04,4.00000E-03
500,4.60687E+07,contents,Canada,West,Alberta,3.23943E-04,2.00000E-03
1000,1.11582E+08,contents,Canada,West,Alberta,7.84617E-04,1.00000E-03
2500,3.12100E+08,contents,Canada,West,Alberta,2.19461E-03,4.00000E-04
10,1.30976E+03,nonstructural,Canada,West,Alberta,2.20630E-09,1.00000E-01
25,2.60033E+05,nonstructural,Canada,West,Alberta,4.38027E-07,4.00000E-02
50,2.19650E+06,nonstructural,Canada,West,Alberta,3.70001E-06,2.00000E-02
100,1.13193E+07,nonstructural,Canada,West,Alberta,1.90674E-05,1.00000E-02
250,6.36279E+07,nonstructural,Canada,West,Alberta,1.07182E-04,4.00000E-03
500,1.85028E+08,nonstructural,Canada,West,Alberta,3.11681E-04,2.00000E-03
1000,4.57671E+08,nonstructural,Canada,West,Alberta,7.70948E-04,1.00000E-03
2500,1.31637E+09,nonstructural,Canada,West,Alberta,2.21744E-03,4.00000E-04
25,1.38688E-05,occupants,Canada,West,Alberta,3.50383E-12,4.00000E-02
50,3.34298E-03,occupants,Canada,West,Alberta,8.44571E-10,2.00000E-02
100,7.50394E-02,occupants,Canada,West,Alberta,1.89579E-08,1.00000E-02
250,1.12671E+00,occupants,Canada,West,Alberta,2.84653E-07,4.00000E-03
500,4.72998E+00,occupants,Canada,West,Alberta,1.19498E-06,2.00000E-03
1000,1.44491E+01,occupants,Canada,West,Alberta,3.65041E-06,1.00000E-03
2500,4.75285E+01,occupants,Canada,West,Alberta,1.20076E-05,4.00000E-04
10,9.62181E+04,structural,Canada,West,Alberta,4.45017E-07,1.00000E-01
25,4.63902E+06,structural,Canada,West,Alberta,2.14559E-05,4.00000E-02
50,2.23268E+07,structural,Canada,West,Alberta,1.03263E-04,2.00000E-02
100,7.31570E+07,structural,Canada,West,Alberta,3.38358E-04,1.00000E-02
250,2.23391E+08,structural,Canada,West,Alberta,1.03320E-03,4.00000E-03
500,4.12233E+08,structural,Canada,West,Alberta,1.90661E-03,2.00000E-03
1000,7.00108E+08,structural,Canada,West,Alberta,3.23806E-03,1.00000E-03
2500,1.36098E+09,structural,Canada,West,Alberta,6.29466E-03,4.00000E-04
25,1.38472E+01,contents,Canada,West,Manitoba,3.64190E-10,4.00000E-02
50,1.68272E+04,contents,Canada,West,Manitoba,4.42567E-07,2.00000E-02
100,2.77207E+05,contents,Canada,West,Manitoba,7.29071E-06,1.00000E-02
250,2.37286E+06,contents,Canada,West,Manitoba,6.24076E-05,4.00000E-03
500,6.82380E+06,contents,Canada,West,Manitoba,1.79470E-04,2.00000E-03
1000,1.64241E+07,contents,Canada,West,Manitoba,4.31964E-04,1.00000E-03
2500,4.86954E+07,contents,Canada,West,Manitoba,1.28072E-03,4.00000E-04
25,3.54275E+01,nonstructural,Canada,West,Manitoba,2.10546E-10,4.00000E-02
50,2.99017E+04,nonstructural,Canada,West,Manitoba,1.77706E-07,2.00000E-02
100,5.51915E+05,nonstructural,Canada,West,Manitoba,3.28004E-06,1.00000E-02
250,6.17463E+06,nonstructural,Canada,West,Manitoba,3.66960E-05,4.00000E-03
500,2.13410E+07,nonstructural,Canada,West,Manitoba,1.26830E-04,2.00000E-03
1000,6.09086E+07,nonstructural,Canada,West,Manitoba,3.61981E-04,1.00000E-03
2500,2.03086E+08,nonstructural,Canada,West,Manitoba,1.20694E-03,4.00000E-04
100,2.60762E-05,occupants,Canada,West,Manitoba,2.33049E-11,1.00000E-02
250,7.39110E-03,occupants,Canada,West,Manitoba,6.60557E-09,4.00000E-03
500,8.31000E-02,occupants,Canada,West,Manitoba,7.42681E-08,2.00000E-03
1000,4.44489E-01,occupants,Canada,West,Manitoba,3.97248E-07,1.00000E-03
2500,3.25876E+00,occupants,Canada,West,Manitoba,2.91242E-06,4.00000E-04
25,1.13990E+03,structural,Canada,West,Manitoba,1.90499E-08,4.00000E-02
50,4.41208E+05,structural,Canada,West,Manitoba,7.37345E-06,2.00000E-02
100,5.65294E+06,structural,Canada,West,Manitoba,9.44717E-05,1.00000E-02
250,3.53709E+07,structural,Canada,West,Manitoba,5.91116E-04,4.00000E-03
500,7.86395E+07,structural,Canada,West,Manitoba,1.31422E-03,2.00000E-03
1000,1.42056E+08,structural,Canada,West,Manitoba,2.37403E-03,1.00000E-03
2500,2.76916E+08,structural,Canada,West,Manitoba,4.62780E-03,4.00000E-04
5,8.15308E+01,contents,Canada,West,Northwest Territories / Territoires du Nord-Ouest,3.65941E-08,2.00000E-01
10,5.19847E+02,contents,Canada,West,Northwest Territories / Territoires du Nord-Ouest,2.33327E-07,1.00000E-01
25,3.03964E+03,contents,Canada,West,Northwest Territories / Territoires du Nord-Ouest,1.36430E-06,4.00000E-02
50,1.14768E+04,contents,Canada,West,Northwest Territories / Territoires du Nord-Ouest,5.15123E-06,2.00000E-02
100,4.23763E+04,contents,Canada,West,Northwest Territories / Territoires du Nord-Ouest,1.90201E-05,1.00000E-02
250,1.77893E+05,contents,Canada,West,Northwest Territories / Territoires du Nord-Ouest,7.98452E-05,4.00000E-03
500,4.11003E+05,contents,Canada,West,Northwest Territories / Territoires du Nord-Ouest,1.84474E-04,2.00000E-03
1000,8.35303E+05,contents,Canada,West,Northwest Territories / Territoires du Nord-Ouest,3.74916E-04,1.00000E-03
2500,1.78296E+06,contents,Canada,West,Northwest Territories / Territoires du Nord-Ouest,8.00262E-04,4.00000E-04
5,3.06365E+02,nonstructural,Canada,West,Northwest Territories / Territoires du Nord-Ouest,3.59975E-08,2.00000E-01
10,2.44115E+03,nonstructural,Canada,West,Northwest Territories / Territoires du Nord-Ouest,2.86831E-07,1.00000E-01
25,2.28693E+04,nonstructural,Canada,West,Northwest Territories / Territoires du Nord-Ouest,2.68711E-06,4.00000E-02
50,9.46640E+04,nonstructural,Canada,West,Northwest Territories / Territoires du Nord-Ouest,1.11229E-05,2.00000E-02
100,3.20856E+05,nonstructural,Canada,West,Northwest Territories / Territoires du Nord-Ouest,3.77001E-05,1.00000E-02
250,1.23065E+06,nonstructural,Canada,West,Northwest Territories / Territoires du Nord-Ouest,1.44600E-04,4.00000E-03
500,2.80905E+06,nonstructural,Canada,West,Northwest Territories / Territoires du Nord-Ouest,3.30059E-04,2.00000E-03
1000,5.58914E+06,nonstructural,Canada,West,Northwest Territories / Territoires du Nord-Ouest,6.56716E-04,1.00000E-03
2500,1.18230E+07,nonstructural,Canada,West,Northwest Territories / Territoires du Nord-Ouest,1.38918E-03,4.00000E-04
50,5.38867E-07,occupants,Canada,West,Northwest Territories / Territoires du Nord-Ouest,1.82033E-11,2.00000E-02
100,3.35091E-05,occupants,Canada,West,Northwest Territories / Territoires du Nord-Ouest,1.13196E-09,1.00000E-02
250,6.83081E-04,occupants,Canada,West,Northwest Territories / Territoires du Nord-Ouest,2.30749E-08,4.00000E-03
500,3.42253E-03,occupants,Canada,West,Northwest Territories / Territoires du Nord-Ouest,1.15615E-07,2.00000E-03
1000,1.15099E-02,occupants,Canada,West,Northwest Territories / Territoires du Nord-Ouest,3.88813E-07,1.00000E-03
2500,4.38383E-02,occupants,Canada,West,Northwest Territories / Territoires du Nord-Ouest,1.48089E-06,4.00000E-04
5,9.41907E+03,structural,Canada,West,Northwest Territories / Territoires du Nord-Ouest,3.02751E-06,2.00000E-01
10,4.34272E+04,structural,Canada,West,Northwest Territories / Territoires du Nord-Ouest,1.39585E-05,1.00000E-01
25,1.47182E+05,structural,Canada,West,Northwest Territories / Territoires du Nord-Ouest,4.73077E-05,4.00000E-02
50,3.12211E+05,structural,Canada,West,Northwest Territories / Territoires du Nord-Ouest,1.00352E-04,2.00000E-02
100,6.17478E+05,structural,Canada,West,Northwest Territories / Territoires du Nord-Ouest,1.98472E-04,1.00000E-02
250,1.61480E+06,structural,Canada,West,Northwest Territories / Territoires du Nord-Ouest,5.19036E-04,4.00000E-03
500,3.06724E+06,structural,Canada,West,Northwest Territories / Territoires du Nord-Ouest,9.85883E-04,2.00000E-03
1000,5.21963E+06,structural,Canada,West,Northwest Territories / Territoires du Nord-Ouest,1.67771E-03,1.00000E-03
2500,9.44453E+06,structural,Canada,West,Northwest Territories / Territoires du Nord-Ouest,3.03569E-03,4.00000E-04
25,7.95076E+02,contents,Canada,West,Saskatchewan,1.39659E-08,4.00000E-02
50,5.49477E+04,contents,Canada,West,Saskatchewan,9.65182E-07,2.00000E-02
100,5.27392E+05,contents,Canada,West,Saskatchewan,9.26388E-06,1.00000E-02
250,3.61413E+06,contents,Canada,West,Saskatchewan,6.34839E-05,4.00000E-03
500,1.24017E+07,contents,Canada,West,Saskatchewan,2.17842E-04,2.00000E-03
1000,3.32101E+07,contents,Canada,West,Saskatchewan,5.83350E-04,1.00000E-03
2500,8.80516E+07,contents,Canada,West,Saskatchewan,1.54667E-03,4.00000E-04
25,1.30378E+03,nonstructural,Canada,West,Saskatchewan,5.89641E-09,4.00000E-02
50,1.24778E+05,nonstructural,Canada,West,Saskatchewan,5.64315E-07,2.00000E-02
100,1.63193E+06,nonstructural,Canada,West,Saskatchewan,7.38051E-06,1.00000E-02
250,1.38415E+07,nonstructural,Canada,West,Saskatchewan,6.25992E-05,4.00000E-03
500,5.12278E+07,nonstructural,Canada,West,Saskatchewan,2.31681E-04,2.00000E-03
1000,1.36419E+08,nonstructural,Canada,West,Saskatchewan,6.16965E-04,1.00000E-03
2500,3.51620E+08,nonstructural,Canada,West,Saskatchewan,1.59022E-03,4.00000E-04
50,2.09144E-05,occupants,Canada,West,Saskatchewan,1.85039E-11,2.00000E-02
100,4.22367E-03,occupants,Canada,West,Saskatchewan,3.73688E-09,1.00000E-02
250,1.30642E-01,occupants,Canada,West,Saskatchewan,1.15585E-07,4.00000E-03
500,8.44426E-01,occupants,Canada,West,Saskatchewan,7.47104E-07,2.00000E-03
1000,2.94519E+00,occupants,Canada,West,Saskatchewan,2.60575E-06,1.00000E-03
2500,9.40525E+00,occupants,Canada,West,Saskatchewan,8.32127E-06,4.00000E-04
25,6.54557E+04,structural,Canada,West,Saskatchewan,7.76790E-07,4.00000E-02
50,2.59987E+06,structural,Canada,West,Saskatchewan,3.08538E-05,2.00000E-02
100,1.68479E+07,structural,Canada,West,Saskatchewan,1.99941E-04,1.00000E-02
250,6.59607E+07,structural,Canada,West,Saskatchewan,7.82783E-04,4.00000E-03
500,1.35143E+08,structural,Canada,West,Saskatchewan,1.60380E-03,2.00000E-03
1000,2.32896E+08,structural,Canada,West,Saskatchewan,2.76387E-03,1.00000E-03
2500,4.15182E+08,structural,Canada,West,Saskatchewan,4.92714E-03,4.00000E-04
5,1.74978E+04,contents,Canada,West,Yukon,9.73895E-06,2.00000E-01
10,6.00449E+04,contents,Canada,West,Yukon,3.34198E-05,1.00000E-01
25,2.27067E+05,contents,Canada,West,Yukon,1.26381E-04,4.00000E-02
50,5.68960E+05,contents,Canada,West,Yukon,3.16672E-04,2.00000E-02
100,1.36408E+06,contents,Canada,West,Yukon,7.59223E-04,1.00000E-02
250,3.54797E+06,contents,Canada,West,Yukon,1.97473E-03,4.00000E-03
500,6.55778E+06,contents,Canada,West,Yukon,3.64993E-03,2.00000E-03
1000,1.19712E+07,contents,Canada,West,Yukon,6.66292E-03,1.00000E-03
2500,2.59093E+07,contents,Canada,West,Yukon,1.44206E-02,4.00000E-04
5,5.01143E+04,nonstructural,Canada,West,Yukon,6.26688E-06,2.00000E-01
10,2.18321E+05,nonstructural,Canada,West,Yukon,2.73014E-05,1.00000E-01
25,1.04355E+06,nonstructural,Canada,West,Yukon,1.30498E-04,4.00000E-02
50,2.77244E+06,nonstructural,Canada,West,Yukon,3.46698E-04,2.00000E-02
100,6.34900E+06,nonstructural,Canada,West,Yukon,7.93953E-04,1.00000E-02
250,1.61980E+07,nonstructural,Canada,West,Yukon,2.02559E-03,4.00000E-03
500,3.03464E+07,nonstructural,Canada,West,Yukon,3.79487E-03,2.00000E-03
1000,5.41938E+07,nonstructural,Canada,West,Yukon,6.77703E-03,1.00000E-03
2500,1.17394E+08,nonstructural,Canada,West,Yukon,1.46803E-02,4.00000E-04
5,4.17412E-07,occupants,Canada,West,Yukon,1.08495E-11,2.00000E-01
10,9.98231E-05,occupants,Canada,West,Yukon,2.59464E-09,1.00000E-01
25,3.20733E-03,occupants,Canada,West,Yukon,8.33659E-08,4.00000E-02
50,2.03204E-02,occupants,Canada,West,Yukon,5.28174E-07,2.00000E-02
100,9.28069E-02,occupants,Canada,West,Yukon,2.41227E-06,1.00000E-02
250,4.66787E-01,occupants,Canada,West,Yukon,1.21329E-05,4.00000E-03
500,1.07064E+00,occupants,Canada,West,Yukon,2.78284E-05,2.00000E-03
1000,1.84414E+00,occupants,Canada,West,Yukon,4.79336E-05,1.00000E-03
2500,5.53695E+00,occupants,Canada,West,Yukon,1.43918E-04,4.00000E-04
5,3.67606E+05,structural,Canada,West,Yukon,1.33278E-04,2.00000E-01
10,1.05460E+06,structural,Canada,West,Yukon,3.82351E-04,1.00000E-01
25,2.93450E+06,structural,Canada,West,Yukon,1.06392E-03,4.00000E-02
50,5.34364E+06,structural,Canada,West,Yukon,1.93737E-03,2.00000E-02
100,8.93746E+06,structural,Canada,West,Yukon,3.24034E-03,1.00000E-02
250,1.66341E+07,structural,Canada,West,Yukon,6.03081E-03,4.00000E-03
500,2.63235E+07,structural,Canada,West,Yukon,9.54377E-03,2.00000E-03
1000,4.13142E+07,structural,Canada,West,Yukon,1.49787E-02,1.00000E-03
2500,7.98218E+07,structural,Canada,West,Yukon,2.89399E-02,4.00000E-04
25,2.17736E+01,contents,Canada,East,Manitoba,6.63359E-09,4.00000E-02
50,2.57211E+03,contents,Canada,East,Manitoba,7.83622E-07,2.00000E-02
100,2.56513E+04,contents,Canada,East,Manitoba,7.81497E-06,1.00000E-02
250,1.80239E+05,contents,Canada,East,Manitoba,5.49118E-05,4.00000E-03
500,5.19817E+05,contents,Canada,East,Manitoba,1.58368E-04,2.00000E-03
1000,1.31213E+06,contents,Canada,East,Manitoba,3.99756E-04,1.00000E-03
2500,3.72136E+06,contents,Canada,East,Manitoba,1.13375E-03,4.00000E-04
25,5.56778E+01,nonstructural,Canada,East,Manitoba,4.09471E-09,4.00000E-02
50,5.77273E+03,nonstructural,Canada,East,Manitoba,4.24544E-07,2.00000E-02
100,6.19391E+04,nonstructural,Canada,East,Manitoba,4.55518E-06,1.00000E-02
250,5.32645E+05,nonstructural,Canada,East,Manitoba,3.91723E-05,4.00000E-03
500,1.85127E+06,nonstructural,Canada,East,Manitoba,1.36148E-04,2.00000E-03
1000,5.23893E+06,nonstructural,Canada,East,Manitoba,3.85286E-04,1.00000E-03
2500,1.52196E+07,nonstructural,Canada,East,Manitoba,1.11930E-03,4.00000E-04
100,8.30712E-07,occupants,Canada,East,Manitoba,8.95376E-12,1.00000E-02
250,5.03903E-04,occupants,Canada,East,Manitoba,5.43128E-09,4.00000E-03
500,5.87388E-03,occupants,Canada,East,Manitoba,6.33111E-08,2.00000E-03
1000,4.29211E-02,occupants,Canada,East,Manitoba,4.62622E-07,1.00000E-03
2500,2.56774E-01,occupants,Canada,East,Manitoba,2.76762E-06,4.00000E-04
25,1.99046E+03,structural,Canada,East,Manitoba,4.06854E-07,4.00000E-02
50,9.97160E+04,structural,Canada,East,Manitoba,2.03822E-05,2.00000E-02
100,6.33156E+05,structural,Canada,East,Manitoba,1.29418E-04,1.00000E-02
250,2.54641E+06,structural,Canada,East,Manitoba,5.20492E-04,4.00000E-03
500,4.97489E+06,structural,Canada,East,Manitoba,1.01688E-03,2.00000E-03
1000,8.68449E+06,structural,Canada,East,Manitoba,1.77513E-03,1.00000E-03
2500,1.60611E+07,structural,Canada,East,Manitoba,3.28292E-03,4.00000E-04
5,2.36735E+03,contents,Canada,East,New Brunswick / Nouveau-Brunswick,1.07149E-07,2.00000E-01
10,5.32992E+04,contents,Canada,East,New Brunswick / Nouveau-Brunswick,2.41239E-06,1.00000E-01
25,6.31590E+05,contents,Canada,East,New Brunswick / Nouveau-Brunswick,2.85865E-05,4.00000E-02
50,2.47894E+06,contents,Canada,East,New Brunswick / Nouveau-Brunswick,1.12200E-04,2.00000E-02
100,7.75192E+06,contents,Canada,East,New Brunswick / Nouveau-Brunswick,3.50861E-04,1.00000E-02
250,2.69703E+07,contents,Canada,East,New Brunswick / Nouveau-Brunswick,1.22071E-03,4.00000E-03
500,5.29075E+07,contents,Canada,East,New Brunswick / Nouveau-Brunswick,2.39466E-03,2.00000E-03
1000,9.15037E+07,contents,Canada,East,New Brunswick / Nouveau-Brunswick,4.14157E-03,1.00000E-03
2500,1.86770E+08,contents,Canada,East,New Brunswick / Nouveau-Brunswick,8.45343E-03,4.00000E-04
5,3.53981E+03,nonstructural,Canada,East,New Brunswick / Nouveau-Brunswick,3.65037E-08,2.00000E-01
10,1.06845E+05,nonstructural,Canada,East,New Brunswick / Nouveau-Brunswick,1.10182E-06,1.00000E-01
25,1.98265E+06,nonstructural,Canada,East,New Brunswick / Nouveau-Brunswick,2.04458E-05,4.00000E-02
50,9.43267E+06,nonstructural,Canada,East,New Brunswick / Nouveau-Brunswick,9.72729E-05,2.00000E-02
100,3.22504E+07,nonstructural,Canada,East,New Brunswick / Nouveau-Brunswick,3.32577E-04,1.00000E-02
250,1.15131E+08,nonstructural,Canada,East,New Brunswick / Nouveau-Brunswick,1.18727E-03,4.00000E-03
500,2.23518E+08,nonstructural,Canada,East,New Brunswick / Nouveau-Brunswick,2.30499E-03,2.00000E-03
1000,3.85855E+08,nonstructural,Canada,East,New Brunswick / Nouveau-Brunswick,3.97906E-03,1.00000E-03
2500,7.89073E+08,nonstructural,Canada,East,New Brunswick / Nouveau-Brunswick,8.13718E-03,4.00000E-04
10,1.30776E-05,occupants,Canada,East,New Brunswick / Nouveau-Brunswick,1.73501E-11,1.00000E-01
25,1.02226E-02,occupants,Canada,East,New Brunswick / Nouveau-Brunswick,1.35624E-08,4.00000E-02
50,1.27627E-01,occupants,Canada,East,New Brunswick / Nouveau-Brunswick,1.69324E-07,2.00000E-02
100,7.38520E-01,occupants,Canada,East,New Brunswick / Nouveau-Brunswick,9.79798E-07,1.00000E-02
250,3.96583E+00,occupants,Canada,East,New Brunswick / Nouveau-Brunswick,5.26149E-06,4.00000E-03
500,9.47451E+00,occupants,Canada,East,New Brunswick / Nouveau-Brunswick,1.25699E-05,2.00000E-03
1000,1.91404E+01,occupants,Canada,East,New Brunswick / Nouveau-Brunswick,2.53937E-05,1.00000E-03
2500,4.23019E+01,occupants,Canada,East,New Brunswick / Nouveau-Brunswick,5.61221E-05,4.00000E-04
5,1.35123E+05,structural,Canada,East,New Brunswick / Nouveau-Brunswick,3.95351E-06,2.00000E-01
10,2.14922E+06,structural,Canada,East,New Brunswick / Nouveau-Brunswick,6.28831E-05,1.00000E-01
25,1.48908E+07,structural,Canada,East,New Brunswick / Nouveau-Brunswick,4.35682E-04,4.00000E-02
50,3.72489E+07,structural,Canada,East,New Brunswick / Nouveau-Brunswick,1.08985E-03,2.00000E-02
100,7.33593E+07,structural,Canada,East,New Brunswick / Nouveau-Brunswick,2.14639E-03,1.00000E-02
250,1.53585E+08,structural,Canada,East,New Brunswick / Nouveau-Brunswick,4.49367E-03,4.00000E-03
500,2.34538E+08,structural,Canada,East,New Brunswick / Nouveau-Brunswick,6.86222E-03,2.00000E-03
1000,3.39741E+08,structural,Canada,East,New Brunswick / Nouveau-Brunswick,9.94032E-03,1.00000E-03
2500,5.83220E+08,structural,Canada,East,New Brunswick / Nouveau-Brunswick,1.70642E-02,4.00000E-04
5,1.03932E+02,contents,Canada,East,Nova Scotia / Nouvelle-Écosse,3.77765E-09,2.00000E-01
10,5.68824E+03,contents,Canada,East,Nova Scotia / Nouvelle-Écosse,2.06751E-07,1.00000E-01
25,9.31600E+04,contents,Canada,East,Nova Scotia / Nouvelle-Écosse,3.38610E-06,4.00000E-02
50,3.96887E+05,contents,Canada,East,Nova Scotia / Nouvelle-Écosse,1.44257E-05,2.00000E-02
100,1.64939E+06,contents,Canada,East,Nova Scotia / Nouvelle-Écosse,5.99504E-05,1.00000E-02
250,9.68808E+06,contents,Canada,East,Nova Scotia / Nouvelle-Écosse,3.52134E-04,4.00000E-03
500,3.45826E+07,contents,Canada,East,Nova Scotia / Nouvelle-Écosse,1.25698E-03,2.00000E-03
1000,7.65553E+07,contents,Canada,East,Nova Scotia / Nouvelle-Écosse,2.78256E-03,1.00000E-03
2500,1.95517E+08,contents,Canada,East,Nova Scotia / Nouvelle-Écosse,7.10649E-03,4.00000E-04
5,1.83646E+02,nonstructural,Canada,East,Nova Scotia / Nouvelle-Écosse,1.52221E-09,2.00000E-01
10,1.00099E+04,nonstructural,Canada,East,Nova Scotia / Nouvelle-Écosse,8.29705E-08,1.00000E-01
25,2.31403E+05,nonstructural,Canada,East,Nova Scotia / Nouvelle-Écosse,1.91806E-06,4.00000E-02
50,1.26438E+06,nonstructural,Canada,East,Nova Scotia / Nouvelle-Écosse,1.04803E-05,2.00000E-02
100,6.39259E+06,nonstructural,Canada,East,Nova Scotia / Nouvelle-Écosse,5.29871E-05,1.00000E-02
250,4.16306E+07,nonstructural,Canada,East,Nova Scotia / Nouvelle-Écosse,3.45069E-04,4.00000E-03
500,1.52132E+08,nonstructural,Canada,East,Nova Scotia / Nouvelle-Écosse,1.26100E-03,2.00000E-03
1000,3.32711E+08,nonstructural,Canada,East,Nova Scotia / Nouvelle-Écosse,2.75779E-03,1.00000E-03
2500,8.45138E+08,nonstructural,Canada,East,Nova Scotia / Nouvelle-Écosse,7.00521E-03,4.00000E-04
25,3.84118E-05,occupants,Canada,East,Nova Scotia / Nouvelle-Écosse,4.15245E-11,4.00000E-02
50,1.97138E-03,occupants,Canada,East,Nova Scotia / Nouvelle-Écosse,2.13113E-09,2.00000E-02
100,3.93672E-02,occupants,Canada,East,Nova Scotia / Nouvelle-Écosse,4.25573E-08,1.00000E-02
250,8.02083E-01,occupants,Canada,East,Nova Scotia / Nouvelle-Écosse,8.67079E-07,4.00000E-03
500,4.81251E+00,occupants,Canada,East,Nova Scotia / Nouvelle-Écosse,5.20248E-06,2.00000E-03
1000,1.30039E+01,occupants,Canada,East,Nova Scotia / Nouvelle-Écosse,1.40577E-05,1.00000E-03
2500,4.08323E+01,occupants,Canada,East,Nova Scotia / Nouvelle-Écosse,4.41411E-05,4.00000E-04
5,1.16217E+04,structural,Canada,East,Nova Scotia / Nouvelle-Écosse,2.73658E-07,2.00000E-01
10,4.00032E+05,structural,Canada,East,Nova Scotia / Nouvelle-Écosse,9.41959E-06,1.00000E-01
25,4.21326E+06,structural,Canada,East,Nova Scotia / Nouvelle-Écosse,9.92101E-05,4.00000E-02
50,1.34910E+07,structural,Canada,East,Nova Scotia / Nouvelle-Écosse,3.17673E-04,2.00000E-02
100,3.44030E+07,structural,Canada,East,Nova Scotia / Nouvelle-Écosse,8.10091E-04,1.00000E-02
250,9.16562E+07,structural,Canada,East,Nova Scotia / Nouvelle-Écosse,2.15824E-03,4.00000E-03
500,1.86142E+08,structural,Canada,East,Nova Scotia / Nouvelle-Écosse,4.38310E-03,2.00000E-03
1000,3.20568E+08,structural,Canada,East,Nova Scotia / Nouvelle-Écosse,7.54846E-03,1.00000E-03
2500,6.17471E+08,structural,Canada,East,Nova Scotia / Nouvelle-Écosse,1.45397E-02,4.00000E-04
250,6.88748E+01,contents,Canada,East,Nunavut,1.97506E-06,4.00000E-03
500,3.11189E+02,contents,Canada,East,Nunavut,8.92367E-06,2.00000E-03
1000,9.75643E+02,contents,Canada,East,Nunavut,2.79776E-05,1.00000E-03
2500,5.44008E+03,contents,Canada,East,Nunavut,1.56000E-04,4.00000E-04
250,8.05198E+01,nonstructural,Canada,East,Nunavut,5.90488E-07,4.00000E-03
500,6.26679E+02,nonstructural,Canada,East,Nunavut,4.59572E-06,2.00000E-03
1000,3.56577E+03,nonstructural,Canada,East,Nunavut,2.61494E-05,1.00000E-03
2500,2.23408E+04,nonstructural,Canada,East,Nunavut,1.63835E-04,4.00000E-04
1000,1.21121E-09,occupants,Canada,East,Nunavut,1.00095E-12,1.00000E-03
2500,7.41620E-05,occupants,Canada,East,Nunavut,6.12878E-08,4.00000E-04
250,6.45701E+03,structural,Canada,East,Nunavut,1.75826E-04,4.00000E-03
500,2.22904E+04,structural,Canada,East,Nunavut,6.06975E-04,2.00000E-03
1000,5.06055E+04,structural,Canada,East,Nunavut,1.37800E-03,1.00000E-03
2500,9.95422E+04,structural,Canada,East,Nunavut,2.71057E-03,4.00000E-04
5,4.70443E+04,contents,Canada,East,Ontario,1.09092E-07,2.00000E-01
10,9.40162E+05,contents,Canada,East,Ontario,2.18015E-06,1.00000E-01
25,1.10875E+07,contents,Canada,East,Ontario,2.57109E-05,4.00000E-02
50,4.58734E+07,contents,Canada,East,Ontario,1.06376E-04,2.00000E-02
100,1.50868E+08,contents,Canada,East,Ontario,3.49849E-04,1.00000E-02
250,5.69616E+08,contents,Canada,East,Ontario,1.32089E-03,4.00000E-03
500,1.28696E+09,contents,Canada,East,Ontario,2.98434E-03,2.00000E-03
1000,2.42948E+09,contents,Canada,East,Ontario,5.63374E-03,1.00000E-03
2500,4.86811E+09,contents,Canada,East,Ontario,1.12887E-02,4.00000E-04
5,8.44318E+04,nonstructural,Canada,East,Ontario,4.67704E-08,2.00000E-01
10,1.92194E+06,nonstructural,Canada,East,Ontario,1.06464E-06,1.00000E-01
25,2.95533E+07,nonstructural,Canada,East,Ontario,1.63708E-05,4.00000E-02
50,1.48108E+08,nonstructural,Canada,East,Ontario,8.20432E-05,2.00000E-02
100,5.63887E+08,nonstructural,Canada,East,Ontario,3.12361E-04,1.00000E-02
250,2.37359E+09,nonstructural,Canada,East,Ontario,1.31483E-03,4.00000E-03
500,5.50761E+09,nonstructural,Canada,East,Ontario,3.05090E-03,2.00000E-03
1000,1.06784E+10,nonstructural,Canada,East,Ontario,5.91522E-03,1.00000E-03
2500,2.15755E+10,nonstructural,Canada,East,Ontario,1.19516E-02,4.00000E-04
10,3.23688E-04,occupants,Canada,East,Ontario,2.37988E-11,1.00000E-01
25,1.11314E-01,occupants,Canada,East,Ontario,8.18423E-09,4.00000E-02
50,1.51570E+00,occupants,Canada,East,Ontario,1.11440E-07,2.00000E-02
100,9.83221E+00,occupants,Canada,East,Ontario,7.22900E-07,1.00000E-02
250,6.78132E+01,occupants,Canada,East,Ontario,4.98588E-06,4.00000E-03
500,2.01743E+02,occupants,Canada,East,Ontario,1.48329E-05,2.00000E-03
1000,4.44883E+02,occupants,Canada,East,Ontario,3.27095E-05,1.00000E-03
2500,1.09906E+03,occupants,Canada,East,Ontario,8.08067E-05,4.00000E-04
5,1.09318E+06,structural,Canada,East,Ontario,1.66326E-06,2.00000E-01
10,1.59850E+07,structural,Canada,East,Ontario,2.43210E-05,1.00000E-01
25,1.25089E+08,structural,Canada,East,Ontario,1.90322E-04,4.00000E-02
50,3.76619E+08,structural,Canada,East,Ontario,5.73022E-04,2.00000E-02
100,9.00453E+08,structural,Canada,East,Ontario,1.37003E-03,1.00000E-02
250,2.35508E+09,structural,Canada,East,Ontario,3.58324E-03,4.00000E-03
500,4.36082E+09,structural,Canada,East,Ontario,6.63494E-03,2.00000E-03
1000,7.36544E+09,structural,Canada,East,Ontario,1.12064E-02,1.00000E-03
2500,1.35001E+10,structural,Canada,East,Ontario,2.05402E-02,4.00000E-04
5,6.54293E+00,contents,Canada,East,Prince Edward Island / Île-du-Prince-Édouard,1.38315E-09,2.00000E-01
10,1.30655E+03,contents,Canada,East,Prince Edward Island / Île-du-Prince-Édouard,2.76199E-07,1.00000E-01
25,2.54233E+04,contents,Canada,East,Prince Edward Island / Île-du-Prince-Édouard,5.37439E-06,4.00000E-02
50,1.06847E+05,contents,Canada,East,Prince Edward Island / Île-du-Prince-Édouard,2.25870E-05,2.00000E-02
100,4.17257E+05,contents,Canada,East,Prince Edward Island / Île-du-Prince-Édouard,8.82064E-05,1.00000E-02
250,1.90214E+06,contents,Canada,East,Prince Edward Island / Île-du-Prince-Édouard,4.02104E-04,4.00000E-03
500,4.60645E+06,contents,Canada,East,Prince Edward Island / Île-du-Prince-Édouard,9.73783E-04,2.00000E-03
1000,1.18605E+07,contents,Canada,East,Prince Edward Island / Île-du-Prince-Édouard,2.50726E-03,1.00000E-03
2500,3.09679E+07,contents,Canada,East,Prince Edward Island / Île-du-Prince-Édouard,6.54648E-03,4.00000E-04
5,1.51583E+01,nonstructural,Canada,East,Prince Edward Island / Île-du-Prince-Édouard,7.47460E-10,2.00000E-01
10,2.19692E+03,nonstructural,Canada,East,Prince Edward Island / Île-du-Prince-Édouard,1.08330E-07,1.00000E-01
25,5.34585E+04,nonstructural,Canada,East,Prince Edward Island / Île-du-Prince-Édouard,2.63605E-06,4.00000E-02
50,3.01978E+05,nonstructural,Canada,East,Prince Edward Island / Île-du-Prince-Édouard,1.48906E-05,2.00000E-02
100,1.59413E+06,nonstructural,Canada,East,Prince Edward Island / Île-du-Prince-Édouard,7.86070E-05,1.00000E-02
250,8.47635E+06,nonstructural,Canada,East,Prince Edward Island / Île-du-Prince-Édouard,4.17971E-04,4.00000E-03
500,2.09420E+07,nonstructural,Canada,East,Prince Edward Island / Île-du-Prince-Édouard,1.03265E-03,2.00000E-03
1000,5.17050E+07,nonstructural,Canada,East,Prince Edward Island / Île-du-Prince-Édouard,2.54959E-03,1.00000E-03
2500,1.36238E+08,nonstructural,Canada,East,Prince Edward Island / Île-du-Prince-Édouard,6.71794E-03,4.00000E-04
25,8.30888E-07,occupants,Canada,East,Prince Edward Island / Île-du-Prince-Édouard,6.22308E-12,4.00000E-02
50,1.69229E-04,occupants,Canada,East,Prince Edward Island / Île-du-Prince-Édouard,1.26747E-09,2.00000E-02
100,6.03868E-03,occupants,Canada,East,Prince Edward Island / Île-du-Prince-Édouard,4.52277E-08,1.00000E-02
250,1.00677E-01,occupants,Canada,East,Prince Edward Island / Île-du-Prince-Édouard,7.54037E-07,4.00000E-03
500,3.89936E-01,occupants,Canada,East,Prince Edward Island / Île-du-Prince-Édouard,2.92049E-06,2.00000E-03
1000,1.43845E+00,occupants,Canada,East,Prince Edward Island / Île-du-Prince-Édouard,1.07735E-05,1.00000E-03
2500,4.95007E+00,occupants,Canada,East,Prince Edward Island / Île-du-Prince-Édouard,3.70744E-05,4.00000E-04
5,1.25821E+03,structural,Canada,East,Prince Edward Island / Île-du-Prince-Édouard,1.76438E-07,2.00000E-01
10,8.49522E+04,structural,Canada,East,Prince Edward Island / Île-du-Prince-Édouard,1.19128E-05,1.00000E-01
25,1.06209E+06,structural,Canada,East,Prince Edward Island / Île-du-Prince-Édouard,1.48936E-04,4.00000E-02
50,3.30841E+06,structural,Canada,East,Prince Edward Island / Île-du-Prince-Édouard,4.63936E-04,2.00000E-02
100,8.03633E+06,structural,Canada,East,Prince Edward Island / Île-du-Prince-Édouard,1.12693E-03,1.00000E-02
250,1.88467E+07,structural,Canada,East,Prince Edward Island / Île-du-Prince-Édouard,2.64287E-03,4.00000E-03
500,3.05922E+07,structural,Canada,East,Prince Edward Island / Île-du-Prince-Édouard,4.28992E-03,2.00000E-03
1000,5.28967E+07,structural,Canada,East,Prince Edward Island / Île-du-Prince-Édouard,7.41768E-03,1.00000E-03
2500,1.05762E+08,structural,Canada,East,Prince Edward Island / Île-du-Prince-Édouard,1.48309E-02,4.00000E-04
5,4.68351E+05,contents,Canada,East,Quebec / Québec,1.96175E-06,2.00000E-01
10,4.54896E+06,contents,Canada,East,Quebec / Québec,1.90539E-05,1.00000E-01
25,3.46418E+07,contents,Canada,East,Quebec / Québec,1.45101E-04,4.00000E-02
50,1.11749E+08,contents,Canada,East,Quebec / Québec,4.68077E-04,2.00000E-02
100,2.86273E+08,contents,Canada,East,Quebec / Québec,1.19909E-03,1.00000E-02
250,9.42465E+08,contents,Canada,East,Quebec / Québec,3.94763E-03,4.00000E-03
500,2.08953E+09,contents,Canada,East,Quebec / Québec,8.75225E-03,2.00000E-03
1000,4.00120E+09,contents,Canada,East,Quebec / Québec,1.67596E-02,1.00000E-03
2500,8.27880E+09,contents,Canada,East,Quebec / Québec,3.46768E-02,4.00000E-04
5,1.30947E+06,nonstructural,Canada,East,Quebec / Québec,1.10850E-06,2.00000E-01
10,1.48742E+07,nonstructural,Canada,East,Quebec / Québec,1.25914E-05,1.00000E-01
25,1.39771E+08,nonstructural,Canada,East,Quebec / Québec,1.18320E-04,4.00000E-02
50,5.04175E+08,nonstructural,Canada,East,Quebec / Québec,4.26796E-04,2.00000E-02
100,1.37102E+09,nonstructural,Canada,East,Quebec / Québec,1.16060E-03,1.00000E-02
250,4.77325E+09,nonstructural,Canada,East,Quebec / Québec,4.04068E-03,4.00000E-03
500,1.05915E+10,nonstructural,Canada,East,Quebec / Québec,8.96596E-03,2.00000E-03
1000,2.05282E+10,nonstructural,Canada,East,Quebec / Québec,1.73777E-02,1.00000E-03
2500,4.22562E+10,nonstructural,Canada,East,Quebec / Québec,3.57709E-02,4.00000E-04
5,3.77943E-03,occupants,Canada,East,Quebec / Québec,4.56549E-10,2.00000E-01
10,1.69800E-01,occupants,Canada,East,Quebec / Québec,2.05116E-08,1.00000E-01
25,2.87564E+00,occupants,Canada,East,Quebec / Québec,3.47373E-07,4.00000E-02
50,1.26873E+01,occupants,Canada,East,Quebec / Québec,1.53261E-06,2.00000E-02
100,4.00815E+01,occupants,Canada,East,Quebec / Québec,4.84178E-06,1.00000E-02
250,1.69689E+02,occupants,Canada,East,Quebec / Québec,2.04981E-05,4.00000E-03
500,4.28514E+02,occupants,Canada,East,Quebec / Québec,5.17639E-05,2.00000E-03
1000,9.17270E+02,occupants,Canada,East,Quebec / Québec,1.10805E-04,1.00000E-03
2500,2.11477E+03,occupants,Canada,East,Quebec / Québec,2.55461E-04,4.00000E-04
5,1.31733E+07,structural,Canada,East,Quebec / Québec,3.39836E-05,2.00000E-01
10,9.81499E+07,structural,Canada,East,Quebec / Québec,2.53200E-04,1.00000E-01
25,4.73368E+08,structural,Canada,East,Quebec / Québec,1.22116E-03,4.00000E-02
50,1.02907E+09,structural,Canada,East,Quebec / Québec,2.65472E-03,2.00000E-02
100,1.86585E+09,structural,Canada,East,Quebec / Québec,4.81340E-03,1.00000E-02
250,4.12766E+09,structural,Canada,East,Quebec / Québec,1.06483E-02,4.00000E-03
500,7.53913E+09,structural,Canada,East,Quebec / Québec,1.94489E-02,2.00000E-03
1000,1.29730E+10,structural,Canada,East,Quebec / Québec,3.34670E-02,1.00000E-03
2500,2.45101E+10,structural,Canada,East,Quebec / Québec,6.32294E-02,4.00000E-04
10,2.84358E+02,contents,Canada,East,Newfoundland and Labrador / Terre-Neuve-et-Labrador,1.93406E-08,1.00000E-01
25,1.67482E+04,contents,Canada,East,Newfoundland and Labrador / Terre-Neuve-et-Labrador,1.13913E-06,4.00000E-02
50,1.24809E+05,contents,Canada,East,Newfoundland and Labrador / Terre-Neuve-et-Labrador,8.48889E-06,2.00000E-02
100,5.24034E+05,contents,Canada,East,Newfoundland and Labrador / Terre-Neuve-et-Labrador,3.56422E-05,1.00000E-02
250,3.05319E+06,contents,Canada,East,Newfoundland and Labrador / Terre-Neuve-et-Labrador,2.07663E-04,4.00000E-03
500,8.76374E+06,contents,Canada,East,Newfoundland and Labrador / Terre-Neuve-et-Labrador,5.96066E-04,2.00000E-03
1000,2.07086E+07,contents,Canada,East,Newfoundland and Labrador / Terre-Neuve-et-Labrador,1.40850E-03,1.00000E-03
2500,4.68216E+07,contents,Canada,East,Newfoundland and Labrador / Terre-Neuve-et-Labrador,3.18458E-03,4.00000E-04
10,5.86337E+02,nonstructural,Canada,East,Newfoundland and Labrador / Terre-Neuve-et-Labrador,8.50986E-09,1.00000E-01
25,3.89985E+04,nonstructural,Canada,East,Newfoundland and Labrador / Terre-Neuve-et-Labrador,5.66009E-07,4.00000E-02
50,3.98691E+05,nonstructural,Canada,East,Newfoundland and Labrador / Terre-Neuve-et-Labrador,5.78644E-06,2.00000E-02
100,2.05059E+06,nonstructural,Canada,East,Newfoundland and Labrador / Terre-Neuve-et-Labrador,2.97615E-05,1.00000E-02
250,1.41411E+07,nonstructural,Canada,East,Newfoundland and Labrador / Terre-Neuve-et-Labrador,2.05239E-04,4.00000E-03
500,4.10442E+07,nonstructural,Canada,East,Newfoundland and Labrador / Terre-Neuve-et-Labrador,5.95700E-04,2.00000E-03
1000,9.60030E+07,nonstructural,Canada,East,Newfoundland and Labrador / Terre-Neuve-et-Labrador,1.39335E-03,1.00000E-03
2500,2.18694E+08,nonstructural,Canada,East,Newfoundland and Labrador / Terre-Neuve-et-Labrador,3.17404E-03,4.00000E-04
50,2.72142E-04,occupants,Canada,East,Newfoundland and Labrador / Terre-Neuve-et-Labrador,5.79805E-10,2.00000E-02
100,7.55816E-03,occupants,Canada,East,Newfoundland and Labrador / Terre-Neuve-et-Labrador,1.61029E-08,1.00000E-02
250,1.64615E-01,occupants,Canada,East,Newfoundland and Labrador / Terre-Neuve-et-Labrador,3.50717E-07,4.00000E-03
500,8.84238E-01,occupants,Canada,East,Newfoundland and Labrador / Terre-Neuve-et-Labrador,1.88389E-06,2.00000E-03
1000,2.72148E+00,occupants,Canada,East,Newfoundland and Labrador / Terre-Neuve-et-Labrador,5.79818E-06,1.00000E-03
2500,7.99442E+00,occupants,Canada,East,Newfoundland and Labrador / Terre-Neuve-et-Labrador,1.70323E-05,4.00000E-04
5,2.88152E+01,structural,Canada,East,Newfoundland and Labrador / Terre-Neuve-et-Labrador,1.21509E-09,2.00000E-01
10,2.45072E+04,structural,Canada,East,Newfoundland and Labrador / Terre-Neuve-et-Labrador,1.03343E-06,1.00000E-01
25,7.66768E+05,structural,Canada,East,Newfoundland and Labrador / Terre-Neuve-et-Labrador,3.23334E-05,4.00000E-02
50,3.97694E+06,structural,Canada,East,Newfoundland and Labrador / Terre-Neuve-et-Labrador,1.67701E-04,2.00000E-02
100,1.17022E+07,structural,Canada,East,Newfoundland and Labrador / Terre-Neuve-et-Labrador,4.93463E-04,1.00000E-02
250,3.33519E+07,structural,Canada,East,Newfoundland and Labrador / Terre-Neuve-et-Labrador,1.40640E-03,4.00000E-03
500,6.25515E+07,structural,Canada,East,Newfoundland and Labrador / Terre-Neuve-et-Labrador,2.63770E-03,2.00000E-03
1000,1.05306E+08,structural,Canada,East,Newfoundland and Labrador / Terre-Neuve-et-Labrador,4.44056E-03,1.00000E-03
2500,1.88583E+08,structural,Canada,East,Newfoundland and Labrador / Terre-Neuve-et-Labrador,7.95223E-03,4.00000E-04
50,3.23603E+01,contents,Canada,East_Arctic,Manitoba,2.11177E-07,2.00000E-02
100,4.56186E+02,contents,Canada,East_Arctic,Manitoba,2.97698E-06,1.00000E-02
250,4.34017E+03,contents,Canada,East_Arctic,Manitoba,2.83231E-05,4.00000E-03
500,1.53575E+04,contents,Canada,East_Arctic,Manitoba,1.00220E-04,2.00000E-03
1000,4.39040E+04,contents,Canada,East_Arctic,Manitoba,2.86509E-04,1.00000E-03
2500,1.53874E+05,contents,Canada,East_Arctic,Manitoba,1.00416E-03,4.00000E-04
50,1.03387E+02,nonstructural,Canada,East_Arctic,Manitoba,1.48171E-07,2.00000E-02
100,1.30143E+03,nonstructural,Canada,East_Arctic,Manitoba,1.86515E-06,1.00000E-02
250,1.33551E+04,nonstructural,Canada,East_Arctic,Manitoba,1.91400E-05,4.00000E-03
500,5.42582E+04,nonstructural,Canada,East_Arctic,Manitoba,7.77606E-05,2.00000E-03
1000,1.76195E+05,nonstructural,Canada,East_Arctic,Manitoba,2.52515E-04,1.00000E-03
2500,5.99294E+05,nonstructural,Canada,East_Arctic,Manitoba,8.58884E-04,4.00000E-04
250,7.57531E-08,occupants,Canada,East_Arctic,Manitoba,1.19756E-11,4.00000E-03
500,2.12211E-05,occupants,Canada,East_Arctic,Manitoba,3.35479E-09,2.00000E-03
1000,3.78800E-04,occupants,Canada,East_Arctic,Manitoba,5.98837E-08,1.00000E-03
2500,4.85008E-03,occupants,Canada,East_Arctic,Manitoba,7.66739E-07,4.00000E-04
25,1.59823E+00,structural,Canada,East_Arctic,Manitoba,6.84075E-09,4.00000E-02
50,2.08547E+03,structural,Canada,East_Arctic,Manitoba,8.92622E-06,2.00000E-02
100,1.72796E+04,structural,Canada,East_Arctic,Manitoba,7.39601E-05,1.00000E-02
250,9.48345E+04,structural,Canada,East_Arctic,Manitoba,4.05910E-04,4.00000E-03
500,2.06969E+05,structural,Canada,East_Arctic,Manitoba,8.85868E-04,2.00000E-03
1000,3.87821E+05,structural,Canada,East_Arctic,Manitoba,1.65995E-03,1.00000E-03
2500,7.53966E+05,structural,Canada,East_Arctic,Manitoba,3.22712E-03,4.00000E-04
10,1.40211E+02,contents,Canada,East_Arctic,Northwest Territories / Territoires du Nord-Ouest,3.44480E-06,1.00000E-01
25,1.12213E+03,contents,Canada,East_Arctic,Northwest Territories / Territoires du Nord-Ouest,2.75692E-05,4.00000E-02
50,3.41886E+03,contents,Canada,East_Arctic,Northwest Territories / Territoires du Nord-Ouest,8.39969E-05,2.00000E-02
100,9.53748E+03,contents,Canada,East_Arctic,Northwest Territories / Territoires du Nord-Ouest,2.34323E-04,1.00000E-02
250,4.06476E+04,contents,Canada,East_Arctic,Northwest Territories / Territoires du Nord-Ouest,9.98656E-04,4.00000E-03
500,1.19348E+05,contents,Canada,East_Arctic,Northwest Territories / Territoires du Nord-Ouest,2.93221E-03,2.00000E-03
1000,2.87282E+05,contents,Canada,East_Arctic,Northwest Territories / Territoires du Nord-Ouest,7.05812E-03,1.00000E-03
2500,7.54365E+05,contents,Canada,East_Arctic,Northwest Territories / Territoires du Nord-Ouest,1.85337E-02,4.00000E-04
10,5.63426E+02,nonstructural,Canada,East_Arctic,Northwest Territories / Territoires du Nord-Ouest,1.62277E-06,1.00000E-01
25,5.57014E+03,nonstructural,Canada,East_Arctic,Northwest Territories / Territoires du Nord-Ouest,1.60431E-05,4.00000E-02
50,2.38023E+04,nonstructural,Canada,East_Arctic,Northwest Territories / Territoires du Nord-Ouest,6.85552E-05,2.00000E-02
100,8.92533E+04,nonstructural,Canada,East_Arctic,Northwest Territories / Territoires du Nord-Ouest,2.57066E-04,1.00000E-02
250,4.07758E+05,nonstructural,Canada,East_Arctic,Northwest Territories / Territoires du Nord-Ouest,1.17442E-03,4.00000E-03
500,1.09996E+06,nonstructural,Canada,East_Arctic,Northwest Territories / Territoires du Nord-Ouest,3.16808E-03,2.00000E-03
1000,2.45402E+06,nonstructural,Canada,East_Arctic,Northwest Territories / Territoires du Nord-Ouest,7.06804E-03,1.00000E-03
2500,6.00873E+06,nonstructural,Canada,East_Arctic,Northwest Territories / Territoires du Nord-Ouest,1.73063E-02,4.00000E-04
250,2.23451E-05,occupants,Canada,East_Arctic,Northwest Territories / Territoires du Nord-Ouest,3.58475E-08,4.00000E-03
500,2.39027E-04,occupants,Canada,East_Arctic,Northwest Territories / Territoires du Nord-Ouest,3.83462E-07,2.00000E-03
1000,1.50398E-03,occupants,Canada,East_Arctic,Northwest Territories / Territoires du Nord-Ouest,2.41279E-06,1.00000E-03
2500,8.40663E-03,occupants,Canada,East_Arctic,Northwest Territories / Territoires du Nord-Ouest,1.34865E-05,4.00000E-04
10,1.66796E+04,structural,Canada,East_Arctic,Northwest Territories / Territoires du Nord-Ouest,1.63918E-04,1.00000E-01
25,6.81526E+04,structural,Canada,East_Arctic,Northwest Territories / Territoires du Nord-Ouest,6.69767E-04,4.00000E-02
50,1.56066E+05,structural,Canada,East_Arctic,Northwest Territories / Territoires du Nord-Ouest,1.53373E-03,2.00000E-02
100,3.36215E+05,structural,Canada,East_Arctic,Northwest Territories / Territoires du Nord-Ouest,3.30414E-03,1.00000E-02
250,6.38401E+05,structural,Canada,East_Arctic,Northwest Territories / Territoires du Nord-Ouest,6.27387E-03,4.00000E-03
500,9.81699E+05,structural,Canada,East_Arctic,Northwest Territories / Territoires du Nord-Ouest,9.64761E-03,2.00000E-03
1000,1.67086E+06,structural,Canada,East_Arctic,Northwest Territories / Territoires du Nord-Ouest,1.64203E-02,1.00000E-03
2500,3.77280E+06,structural,Canada,East_Arctic,Northwest Territories / Territoires du Nord-Ouest,3.70771E-02,4.00000E-04
5,6.91620E+00,contents,Canada,East_Arctic,Nunavut,6.75612E-09,2.00000E-01
10,3.12371E+02,contents,Canada,East_Arctic,Nunavut,3.05141E-07,1.00000E-01
25,3.73310E+03,contents,Canada,East_Arctic,Nunavut,3.64670E-06,4.00000E-02
50,1.39181E+04,contents,Canada,East_Arctic,Nunavut,1.35960E-05,2.00000E-02
100,4.32519E+04,contents,Canada,East_Arctic,Nunavut,4.22508E-05,1.00000E-02
250,1.62259E+05,contents,Canada,East_Arctic,Nunavut,1.58504E-04,4.00000E-03
500,3.91217E+05,contents,Canada,East_Arctic,Nunavut,3.82162E-04,2.00000E-03
1000,8.90419E+05,contents,Canada,East_Arctic,Nunavut,8.69809E-04,1.00000E-03
2500,2.27729E+06,contents,Canada,East_Arctic,Nunavut,2.22458E-03,4.00000E-04
5,2.69293E+01,nonstructural,Canada,East_Arctic,Nunavut,6.08939E-09,2.00000E-01
10,8.60387E+02,nonstructural,Canada,East_Arctic,Nunavut,1.94555E-07,1.00000E-01
25,1.28660E+04,nonstructural,Canada,East_Arctic,Nunavut,2.90932E-06,4.00000E-02
50,6.04477E+04,nonstructural,Canada,East_Arctic,Nunavut,1.36688E-05,2.00000E-02
100,2.05230E+05,nonstructural,Canada,East_Arctic,Nunavut,4.64078E-05,1.00000E-02
250,7.39878E+05,nonstructural,Canada,East_Arctic,Nunavut,1.67305E-04,4.00000E-03
500,1.70856E+06,nonstructural,Canada,East_Arctic,Nunavut,3.86349E-04,2.00000E-03
1000,3.61837E+06,nonstructural,Canada,East_Arctic,Nunavut,8.18206E-04,1.00000E-03
2500,8.84218E+06,nonstructural,Canada,East_Arctic,Nunavut,1.99944E-03,4.00000E-04
25,1.76140E-07,occupants,Canada,East_Arctic,Nunavut,5.06056E-12,4.00000E-02
50,1.47221E-05,occupants,Canada,East_Arctic,Nunavut,4.22972E-10,2.00000E-02
100,2.11006E-04,occupants,Canada,East_Arctic,Nunavut,6.06227E-09,1.00000E-02
250,2.49362E-03,occupants,Canada,East_Arctic,Nunavut,7.16425E-08,4.00000E-03
500,1.33544E-02,occupants,Canada,East_Arctic,Nunavut,3.83677E-07,2.00000E-03
1000,5.52047E-02,occupants,Canada,East_Arctic,Nunavut,1.58605E-06,1.00000E-03
2500,2.33821E-01,occupants,Canada,East_Arctic,Nunavut,6.71777E-06,4.00000E-04
5,3.72168E+03,structural,Canada,East_Arctic,Nunavut,2.70254E-06,2.00000E-01
10,3.21559E+04,structural,Canada,East_Arctic,Nunavut,2.33503E-05,1.00000E-01
25,1.55284E+05,structural,Canada,East_Arctic,Nunavut,1.12761E-04,4.00000E-02
50,3.43145E+05,structural,Canada,East_Arctic,Nunavut,2.49179E-04,2.00000E-02
100,6.29886E+05,structural,Canada,East_Arctic,Nunavut,4.57398E-04,1.00000E-02
250,1.19674E+06,structural,Canada,East_Arctic,Nunavut,8.69024E-04,4.00000E-03
500,1.83998E+06,structural,Canada,East_Arctic,Nunavut,1.33612E-03,2.00000E-03
1000,2.84256E+06,structural,Canada,East_Arctic,Nunavut,2.06415E-03,1.00000E-03
2500,5.45376E+06,structural,Canada,East_Arctic,Nunavut,3.96030E-03,4.00000E-04
25,6.20230E+00,contents,Canada,East_Arctic,Quebec / Québec,9.92264E-08,4.00000E-02
50,7.03175E+01,contents,Canada,East_Arctic,Quebec / Québec,1.12496E-06,2.00000E-02
100,3.44859E+02,contents,Canada,East_Arctic,Quebec / Québec,5.51717E-06,1.00000E-02
250,1.63761E+03,contents,Canada,East_Arctic,Quebec / Québec,2.61990E-05,4.00000E-03
500,5.15983E+03,contents,Canada,East_Arctic,Quebec / Québec,8.25486E-05,2.00000E-03
1000,1.47588E+04,contents,Canada,East_Arctic,Quebec / Québec,2.36117E-04,1.00000E-03
2500,5.91787E+04,contents,Canada,East_Arctic,Quebec / Québec,9.46761E-04,4.00000E-04
25,2.56902E+01,nonstructural,Canada,East_Arctic,Quebec / Québec,4.16888E-08,4.00000E-02
50,3.23116E+02,nonstructural,Canada,East_Arctic,Quebec / Québec,5.24337E-07,2.00000E-02
100,2.06615E+03,nonstructural,Canada,East_Arctic,Quebec / Québec,3.35285E-06,1.00000E-02
250,1.52418E+04,nonstructural,Canada,East_Arctic,Quebec / Québec,2.47337E-05,4.00000E-03
500,5.41026E+04,nonstructural,Canada,East_Arctic,Quebec / Québec,8.77951E-05,2.00000E-03
1000,1.56308E+05,nonstructural,Canada,East_Arctic,Quebec / Québec,2.53649E-04,1.00000E-03
2500,5.61271E+05,nonstructural,Canada,East_Arctic,Quebec / Québec,9.10803E-04,4.00000E-04
500,7.74612E-06,occupants,Canada,East_Arctic,Quebec / Québec,2.85904E-09,2.00000E-03
1000,7.66168E-05,occupants,Canada,East_Arctic,Quebec / Québec,2.82788E-08,1.00000E-03
2500,7.86562E-04,occupants,Canada,East_Arctic,Quebec / Québec,2.90315E-07,4.00000E-04
25,1.26639E+03,structural,Canada,East_Arctic,Quebec / Québec,8.10404E-06,4.00000E-02
50,1.15093E+04,structural,Canada,East_Arctic,Quebec / Québec,7.36520E-05,2.00000E-02
100,4.43833E+04,structural,Canada,East_Arctic,Quebec / Québec,2.84024E-04,1.00000E-02
250,1.33046E+05,structural,Canada,East_Arctic,Quebec / Québec,8.51407E-04,4.00000E-03
500,2.32681E+05,structural,Canada,East_Arctic,Quebec / Québec,1.48901E-03,2.00000E-03
1000,3.73942E+05,structural,Canada,East_Arctic,Quebec / Québec,2.39298E-03,1.00000E-03
2500,6.75027E+05,structural,Canada,East_Arctic,Quebec / Québec,4.31972E-03,4.00000E-04
5,1.12041E+07,contents,*total*,*total*,*total*,9.39461E-06,2.00000E-01
10,4.41095E+07,contents,*total*,*total*,*total*,3.69856E-05,1.00000E-01
25,1.93112E+08,contents,*total*,*total*,*total*,1.61924E-04,4.00000E-02
50,5.07203E+08,contents,*total*,*total*,*total*,4.25288E-04,2.00000E-02
100,1.23113E+09,contents,*total*,*total*,*total*,1.03230E-03,1.00000E-02
250,3.25582E+09,contents,*total*,*total*,*total*,2.73000E-03,4.00000E-03
500,5.55420E+09,contents,*total*,*total*,*total*,4.65718E-03,2.00000E-03
1000,8.43300E+09,contents,*total*,*total*,*total*,7.07104E-03,1.00000E-03
2500,1.33033E+10,contents,*total*,*total*,*total*,1.11548E-02,4.00000E-04
5,3.38421E+07,nonstructural,*total*,*total*,*total*,6.49838E-06,2.00000E-01
10,1.55099E+08,nonstructural,*total*,*total*,*total*,2.97822E-05,1.00000E-01
25,8.04449E+08,nonstructural,*total*,*total*,*total*,1.54471E-04,4.00000E-02
50,2.24018E+09,nonstructural,*total*,*total*,*total*,4.30161E-04,2.00000E-02
100,5.53125E+09,nonstructural,*total*,*total*,*total*,1.06211E-03,1.00000E-02
250,1.46898E+10,nonstructural,*total*,*total*,*total*,2.82075E-03,4.00000E-03
500,2.51064E+10,nonstructural,*total*,*total*,*total*,4.82095E-03,2.00000E-03
1000,3.85658E+10,nonstructural,*total*,*total*,*total*,7.40542E-03,1.00000E-03
2500,6.21670E+10,nonstructural,*total*,*total*,*total*,1.19373E-02,4.00000E-04
5,2.87643E-01,occupants,*total*,*total*,*total*,8.18289E-09,2.00000E-01
10,2.35133E+00,occupants,*total*,*total*,*total*,6.68910E-08,1.00000E-01
25,1.80653E+01,occupants,*total*,*total*,*total*,5.13922E-07,4.00000E-02
50,6.16608E+01,occupants,*total*,*total*,*total*,1.75413E-06,2.00000E-02
100,1.80096E+02,occupants,*total*,*total*,*total*,5.12339E-06,1.00000E-02
250,5.71197E+02,occupants,*total*,*total*,*total*,1.62495E-05,4.00000E-03
500,1.08555E+03,occupants,*total*,*total*,*total*,3.08818E-05,2.00000E-03
1000,1.84284E+03,occupants,*total*,*total*,*total*,5.24252E-05,1.00000E-03
2500,3.27171E+03,occupants,*total*,*total*,*total*,9.30740E-05,4.00000E-04
5,1.62291E+08,structural,*total*,*total*,*total*,8.82116E-05,2.00000E-01
10,4.82165E+08,structural,*total*,*total*,*total*,2.62075E-04,1.00000E-01
25,1.35797E+09,structural,*total*,*total*,*total*,7.38110E-04,4.00000E-02
50,2.57096E+09,structural,*total*,*total*,*total*,1.39741E-03,2.00000E-02
100,4.81493E+09,structural,*total*,*total*,*total*,2.61710E-03,1.00000E-02
250,1.04072E+10,structural,*total*,*total*,*total*,5.65672E-03,4.00000E-03
500,1.64435E+10,structural,*total*,*total*,*total*,8.93766E-03,2.00000E-03
1000,2.40501E+10,structural,*total*,*total*,*total*,1.30721E-02,1.00000E-03
2500,3.69378E+10,structural,*total*,*total*,*total*,2.00771E-02,4.00000E-04
